/*
SQLyog - Free MySQL GUI v5.18
Host - 5.0.41-community-nt : Database - ObjectSearch
*********************************************************************
Server version : 5.0.41-community-nt
*/

SET NAMES utf8;

SET SQL_MODE='';

create database if not exists `ObjectSearch`;

USE `ObjectSearch`;

SET @OLD_FOREIGN_KEY_CHECKS=@@FOREIGN_KEY_CHECKS, FOREIGN_KEY_CHECKS=0;
SET @OLD_SQL_MODE=@@SQL_MODE, SQL_MODE='NO_AUTO_VALUE_ON_ZERO';

/*Table structure for table `DocInfo` */

DROP TABLE IF EXISTS `DocInfo`;

CREATE TABLE `DocInfo` (
  `DocId` int(11) NOT NULL,
  `Url` varchar(512) default NULL,
  `IndexId` int(11) NOT NULL,
  PRIMARY KEY  (`DocId`,`IndexId`)
) ENGINE=InnoDB DEFAULT CHARSET=utf8;

/*Data for the table `DocInfo` */

LOCK TABLES `DocInfo` WRITE;

insert into `DocInfo` (`DocId`,`Url`,`IndexId`) values (0,'/C:/tmp/annieSearch/training_1/70relevant/canon_products_object_google_1.html',0),(1,'/C:/tmp/annieSearch/training_1/70relevant/canon_products_object_google_10.html',0),(2,'/C:/tmp/annieSearch/training_1/70relevant/canon_products_object_google_11.html',0),(3,'/C:/tmp/annieSearch/training_1/70relevant/canon_products_object_google_12.html',0),(4,'/C:/tmp/annieSearch/training_1/70relevant/canon_products_object_google_13.html',0),(5,'/C:/tmp/annieSearch/training_1/70relevant/canon_products_object_google_14.html',0),(6,'/C:/tmp/annieSearch/training_1/70relevant/canon_products_object_google_15.html',0),(7,'/C:/tmp/annieSearch/training_1/70relevant/canon_products_object_google_16.html',0),(8,'/C:/tmp/annieSearch/training_1/70relevant/canon_products_object_google_17.html',0),(9,'/C:/tmp/annieSearch/training_1/70relevant/canon_products_object_google_18.html',0),(10,'/C:/tmp/annieSearch/training_1/70relevant/canon_products_object_google_19.html',0),(11,'/C:/tmp/annieSearch/training_1/70relevant/canon_products_object_google_2.html',0),(12,'/C:/tmp/annieSearch/training_1/70relevant/canon_products_object_google_20.html',0),(13,'/C:/tmp/annieSearch/training_1/70relevant/canon_products_object_google_21.html',0),(14,'/C:/tmp/annieSearch/training_1/70relevant/canon_products_object_google_22.html',0),(15,'/C:/tmp/annieSearch/training_1/70relevant/canon_products_object_google_23.html',0),(16,'/C:/tmp/annieSearch/training_1/70relevant/canon_products_object_google_24.html',0),(17,'/C:/tmp/annieSearch/training_1/70relevant/canon_products_object_google_25.html',0),(18,'/C:/tmp/annieSearch/training_1/70relevant/canon_products_object_google_26.html',0),(19,'/C:/tmp/annieSearch/training_1/70relevant/canon_products_object_google_27.html',0),(20,'/C:/tmp/annieSearch/training_1/70relevant/canon_products_object_google_28.html',0),(21,'/C:/tmp/annieSearch/training_1/70relevant/canon_products_object_google_29.html',0),(22,'/C:/tmp/annieSearch/training_1/70relevant/canon_products_object_google_3.html',0),(23,'/C:/tmp/annieSearch/training_1/70relevant/canon_products_object_google_30.html',0),(24,'/C:/tmp/annieSearch/training_1/70relevant/canon_products_object_google_31.html',0),(25,'/C:/tmp/annieSearch/training_1/70relevant/canon_products_object_google_32.html',0),(26,'/C:/tmp/annieSearch/training_1/70relevant/canon_products_object_google_33.html',0),(27,'/C:/tmp/annieSearch/training_1/70relevant/canon_products_object_google_34.html',0),(28,'/C:/tmp/annieSearch/training_1/70relevant/canon_products_object_google_35.html',0),(29,'/C:/tmp/annieSearch/training_1/70relevant/canon_products_object_google_36.html',0),(30,'/C:/tmp/annieSearch/training_1/70relevant/canon_products_object_google_37.html',0),(31,'/C:/tmp/annieSearch/training_1/70relevant/canon_products_object_google_38.html',0),(32,'/C:/tmp/annieSearch/training_1/70relevant/canon_products_object_google_39.html',0),(33,'/C:/tmp/annieSearch/training_1/70relevant/canon_products_object_google_4.html',0),(34,'/C:/tmp/annieSearch/training_1/70relevant/canon_products_object_google_40.html',0),(35,'/C:/tmp/annieSearch/training_1/70relevant/canon_products_object_google_41.html',0),(36,'/C:/tmp/annieSearch/training_1/70relevant/canon_products_object_google_42.html',0),(37,'/C:/tmp/annieSearch/training_1/70relevant/canon_products_object_google_43.html',0),(38,'/C:/tmp/annieSearch/training_1/70relevant/canon_products_object_google_44.html',0),(39,'/C:/tmp/annieSearch/training_1/70relevant/canon_products_object_google_45.html',0),(40,'/C:/tmp/annieSearch/training_1/70relevant/canon_products_object_google_46.html',0),(41,'/C:/tmp/annieSearch/training_1/70relevant/canon_products_object_google_47.html',0),(42,'/C:/tmp/annieSearch/training_1/70relevant/canon_products_object_google_48.html',0),(43,'/C:/tmp/annieSearch/training_1/70relevant/canon_products_object_google_49.html',0),(44,'/C:/tmp/annieSearch/training_1/70relevant/canon_products_object_google_5.html',0),(45,'/C:/tmp/annieSearch/training_1/70relevant/canon_products_object_google_50.html',0),(46,'/C:/tmp/annieSearch/training_1/70relevant/canon_products_object_google_51.html',0),(47,'/C:/tmp/annieSearch/training_1/70relevant/canon_products_object_google_52.html',0),(48,'/C:/tmp/annieSearch/training_1/70relevant/canon_products_object_google_53.html',0),(49,'/C:/tmp/annieSearch/training_1/70relevant/canon_products_object_google_54.html',0),(50,'/C:/tmp/annieSearch/training_1/70relevant/canon_products_object_google_55.html',0),(51,'/C:/tmp/annieSearch/training_1/70relevant/canon_products_object_google_56.html',0),(52,'/C:/tmp/annieSearch/training_1/70relevant/canon_products_object_google_57.html',0),(53,'/C:/tmp/annieSearch/training_1/70relevant/canon_products_object_google_58.html',0),(54,'/C:/tmp/annieSearch/training_1/70relevant/canon_products_object_google_59.html',0),(55,'/C:/tmp/annieSearch/training_1/70relevant/canon_products_object_google_6.html',0),(56,'/C:/tmp/annieSearch/training_1/70relevant/canon_products_object_google_60.html',0),(57,'/C:/tmp/annieSearch/training_1/70relevant/canon_products_object_google_61.html',0),(58,'/C:/tmp/annieSearch/training_1/70relevant/canon_products_object_google_62.html',0),(59,'/C:/tmp/annieSearch/training_1/70relevant/canon_products_object_google_63.html',0),(60,'/C:/tmp/annieSearch/training_1/70relevant/canon_products_object_google_64.html',0),(61,'/C:/tmp/annieSearch/training_1/70relevant/canon_products_object_google_65.html',0),(62,'/C:/tmp/annieSearch/training_1/70relevant/canon_products_object_google_66.html',0),(63,'/C:/tmp/annieSearch/training_1/70relevant/canon_products_object_google_67.html',0),(64,'/C:/tmp/annieSearch/training_1/70relevant/canon_products_object_google_68.html',0),(65,'/C:/tmp/annieSearch/training_1/70relevant/canon_products_object_google_69.html',0),(66,'/C:/tmp/annieSearch/training_1/70relevant/canon_products_object_google_7.html',0),(67,'/C:/tmp/annieSearch/training_1/70relevant/canon_products_object_google_70.html',0),(68,'/C:/tmp/annieSearch/training_1/70relevant/canon_products_object_google_8.html',0),(69,'/C:/tmp/annieSearch/training_1/70relevant/canon_products_object_google_9.html',0),(70,'/C:/tmp/annieSearch/training_1/nextag/megapixel/megapixel/0-4/Argus/by_mp_0-4_Argus_1.html',0),(71,'/C:/tmp/annieSearch/training_1/nextag/megapixel/megapixel/0-4/Argus/by_mp_0-4_Argus_2.html',0),(72,'/C:/tmp/annieSearch/training_1/nextag/megapixel/megapixel/0-4/Argus/by_mp_0-4_Argus_3.html',0),(73,'/C:/tmp/annieSearch/training_1/nextag/megapixel/megapixel/0-4/canon/by_mp_0-4_Canon_1.html',0),(74,'/C:/tmp/annieSearch/training_1/nextag/megapixel/megapixel/0-4/canon/by_mp_0-4_Canon_2.html',0),(75,'/C:/tmp/annieSearch/training_1/nextag/megapixel/megapixel/0-4/canon/by_mp_0-4_Canon_3.html',0),(76,'/C:/tmp/annieSearch/training_1/nextag/megapixel/megapixel/0-4/canon/by_mp_0-4_Canon_4.html',0),(77,'/C:/tmp/annieSearch/training_1/nextag/megapixel/megapixel/0-4/Oregon/by_mp_0-4_Oregon_1.html',0),(78,'/C:/tmp/annieSearch/training_1/nextag/megapixel/megapixel/0-4/Oregon/by_mp_0-4_Oregon_2.html',0),(79,'/C:/tmp/annieSearch/training_1/nextag/megapixel/megapixel/0-4/Oregon/by_mp_0-4_Oregon_3.html',0),(80,'/C:/tmp/annieSearch/training_1/nextag/megapixel/megapixel/0-4/Panasonic/by_mp_0-4_Panasonic_1.html',0),(81,'/C:/tmp/annieSearch/training_1/nextag/megapixel/megapixel/0-4/Panasonic/by_mp_0-4_Panasonic_2.html',0),(82,'/C:/tmp/annieSearch/training_1/nextag/megapixel/megapixel/0-4/Panasonic/by_mp_0-4_Panasonic_3.html',0),(83,'/C:/tmp/annieSearch/training_1/nextag/megapixel/megapixel/0-4/Panasonic/by_mp_0-4_Panasonic_4.html',0),(84,'/C:/tmp/annieSearch/training_1/nextag/megapixel/megapixel/0-4/Panasonic/by_mp_0-4_Panasonic_5.html',0),(85,'/C:/tmp/annieSearch/training_1/nextag/megapixel/megapixel/4-6/Canon/by_mp_4-6_Canon_1.html',0),(86,'/C:/tmp/annieSearch/training_1/nextag/megapixel/megapixel/4-6/Canon/by_mp_4-6_Canon_10.html',0),(87,'/C:/tmp/annieSearch/training_1/nextag/megapixel/megapixel/4-6/Canon/by_mp_4-6_Canon_2.html',0),(88,'/C:/tmp/annieSearch/training_1/nextag/megapixel/megapixel/4-6/Canon/by_mp_4-6_Canon_3.html',0),(89,'/C:/tmp/annieSearch/training_1/nextag/megapixel/megapixel/4-6/Canon/by_mp_4-6_Canon_4.html',0),(90,'/C:/tmp/annieSearch/training_1/nextag/megapixel/megapixel/4-6/Canon/by_mp_4-6_Canon_5.html',0),(91,'/C:/tmp/annieSearch/training_1/nextag/megapixel/megapixel/4-6/Canon/by_mp_4-6_Canon_6.html',0),(92,'/C:/tmp/annieSearch/training_1/nextag/megapixel/megapixel/4-6/Canon/by_mp_4-6_Canon_7.html',0),(93,'/C:/tmp/annieSearch/training_1/nextag/megapixel/megapixel/4-6/Canon/by_mp_4-6_Canon_8.html',0),(94,'/C:/tmp/annieSearch/training_1/nextag/megapixel/megapixel/4-6/Canon/by_mp_4-6_Canon_9.html',0),(95,'/C:/tmp/annieSearch/training_1/nextag/megapixel/megapixel/4-6/Kodak/by_mp_4-6_Kodak_1.html',0),(96,'/C:/tmp/annieSearch/training_1/nextag/megapixel/megapixel/4-6/Kodak/by_mp_4-6_Kodak_2.html',0),(97,'/C:/tmp/annieSearch/training_1/nextag/megapixel/megapixel/4-6/Kodak/by_mp_4-6_Kodak_3.html',0),(98,'/C:/tmp/annieSearch/training_1/nextag/megapixel/megapixel/4-6/Kodak/by_mp_4-6_Kodak_4.html',0),(99,'/C:/tmp/annieSearch/training_1/nextag/megapixel/megapixel/4-6/Kodak/by_mp_4-6_Kodak_5.html',0),(100,'/C:/tmp/annieSearch/training_1/nextag/megapixel/megapixel/4-6/Kodak/by_mp_4-6_Kodak_6.html',0),(101,'/C:/tmp/annieSearch/training_1/nextag/megapixel/megapixel/4-6/Kodak/by_mp_4-6_Kodak_7.html',0),(102,'/C:/tmp/annieSearch/training_1/nextag/megapixel/megapixel/4-6/Kodak/by_mp_4-6_Kodak_8.html',0),(103,'/C:/tmp/annieSearch/training_1/nextag/megapixel/megapixel/4-6/Nikon/by_mp_4-6_Nikon_1.html',0),(104,'/C:/tmp/annieSearch/training_1/nextag/megapixel/megapixel/4-6/Nikon/by_mp_4-6_Nikon_10.html',0),(105,'/C:/tmp/annieSearch/training_1/nextag/megapixel/megapixel/4-6/Nikon/by_mp_4-6_Nikon_11.html',0),(106,'/C:/tmp/annieSearch/training_1/nextag/megapixel/megapixel/4-6/Nikon/by_mp_4-6_Nikon_2.html',0),(107,'/C:/tmp/annieSearch/training_1/nextag/megapixel/megapixel/4-6/Nikon/by_mp_4-6_Nikon_3.html',0),(108,'/C:/tmp/annieSearch/training_1/nextag/megapixel/megapixel/4-6/Nikon/by_mp_4-6_Nikon_4.html',0),(109,'/C:/tmp/annieSearch/training_1/nextag/megapixel/megapixel/4-6/Nikon/by_mp_4-6_Nikon_5.html',0),(110,'/C:/tmp/annieSearch/training_1/nextag/megapixel/megapixel/4-6/Nikon/by_mp_4-6_Nikon_6.html',0),(111,'/C:/tmp/annieSearch/training_1/nextag/megapixel/megapixel/4-6/Nikon/by_mp_4-6_Nikon_7.html',0),(112,'/C:/tmp/annieSearch/training_1/nextag/megapixel/megapixel/4-6/Nikon/by_mp_4-6_Nikon_8.html',0),(113,'/C:/tmp/annieSearch/training_1/nextag/megapixel/megapixel/4-6/Nikon/by_mp_4-6_Nikon_9.html',0),(114,'/C:/tmp/annieSearch/training_1/nextag/megapixel/megapixel/4-6/Panasonic/by_mp_4-6_Panasonic_1.html',0),(115,'/C:/tmp/annieSearch/training_1/nextag/megapixel/megapixel/4-6/Panasonic/by_mp_4-6_Panasonic_2.html',0),(116,'/C:/tmp/annieSearch/training_1/nextag/megapixel/megapixel/4-6/Panasonic/by_mp_4-6_Panasonic_3.html',0),(117,'/C:/tmp/annieSearch/training_1/nextag/megapixel/megapixel/6-7/Canon/by_mp_6-7_Canon_1.html',0),(118,'/C:/tmp/annieSearch/training_1/nextag/megapixel/megapixel/6-7/Canon/by_mp_6-7_Canon_10.html',0),(119,'/C:/tmp/annieSearch/training_1/nextag/megapixel/megapixel/6-7/Canon/by_mp_6-7_Canon_11.html',0),(120,'/C:/tmp/annieSearch/training_1/nextag/megapixel/megapixel/6-7/Canon/by_mp_6-7_Canon_2.html',0),(121,'/C:/tmp/annieSearch/training_1/nextag/megapixel/megapixel/6-7/Canon/by_mp_6-7_Canon_3.html',0),(122,'/C:/tmp/annieSearch/training_1/nextag/megapixel/megapixel/6-7/Canon/by_mp_6-7_Canon_4.html',0),(123,'/C:/tmp/annieSearch/training_1/nextag/megapixel/megapixel/6-7/Canon/by_mp_6-7_Canon_5.html',0),(124,'/C:/tmp/annieSearch/training_1/nextag/megapixel/megapixel/6-7/Canon/by_mp_6-7_Canon_6.html',0),(125,'/C:/tmp/annieSearch/training_1/nextag/megapixel/megapixel/6-7/Canon/by_mp_6-7_Canon_7.html',0),(126,'/C:/tmp/annieSearch/training_1/nextag/megapixel/megapixel/6-7/Canon/by_mp_6-7_Canon_8.html',0),(127,'/C:/tmp/annieSearch/training_1/nextag/megapixel/megapixel/6-7/Canon/by_mp_6-7_Canon_9.html',0),(128,'/C:/tmp/annieSearch/training_1/nextag/megapixel/megapixel/6-7/Nikon/by_mp_6-7_Nikon_1.html',0),(129,'/C:/tmp/annieSearch/training_1/nextag/megapixel/megapixel/6-7/Nikon/by_mp_6-7_Nikon_10.html',0),(130,'/C:/tmp/annieSearch/training_1/nextag/megapixel/megapixel/6-7/Nikon/by_mp_6-7_Nikon_2.html',0),(131,'/C:/tmp/annieSearch/training_1/nextag/megapixel/megapixel/6-7/Nikon/by_mp_6-7_Nikon_3.html',0),(132,'/C:/tmp/annieSearch/training_1/nextag/megapixel/megapixel/6-7/Nikon/by_mp_6-7_Nikon_4.html',0),(133,'/C:/tmp/annieSearch/training_1/nextag/megapixel/megapixel/6-7/Nikon/by_mp_6-7_Nikon_5.html',0),(134,'/C:/tmp/annieSearch/training_1/nextag/megapixel/megapixel/6-7/Nikon/by_mp_6-7_Nikon_6.html',0),(135,'/C:/tmp/annieSearch/training_1/nextag/megapixel/megapixel/6-7/Nikon/by_mp_6-7_Nikon_7.html',0),(136,'/C:/tmp/annieSearch/training_1/nextag/megapixel/megapixel/6-7/Nikon/by_mp_6-7_Nikon_8.html',0),(137,'/C:/tmp/annieSearch/training_1/nextag/megapixel/megapixel/6-7/Nikon/by_mp_6-7_Nikon_9.html',0),(138,'/C:/tmp/annieSearch/training_1/nextag/megapixel/megapixel/6-7/Pentax/by_mp_6-7_Pentax_1.html',0),(139,'/C:/tmp/annieSearch/training_1/nextag/megapixel/megapixel/6-7/Pentax/by_mp_6-7_Pentax_10.html',0),(140,'/C:/tmp/annieSearch/training_1/nextag/megapixel/megapixel/6-7/Pentax/by_mp_6-7_Pentax_2.html',0),(141,'/C:/tmp/annieSearch/training_1/nextag/megapixel/megapixel/6-7/Pentax/by_mp_6-7_Pentax_3.html',0),(142,'/C:/tmp/annieSearch/training_1/nextag/megapixel/megapixel/6-7/Pentax/by_mp_6-7_Pentax_4.html',0),(143,'/C:/tmp/annieSearch/training_1/nextag/megapixel/megapixel/6-7/Pentax/by_mp_6-7_Pentax_5.html',0),(144,'/C:/tmp/annieSearch/training_1/nextag/megapixel/megapixel/6-7/Pentax/by_mp_6-7_Pentax_6.html',0),(145,'/C:/tmp/annieSearch/training_1/nextag/megapixel/megapixel/6-7/Pentax/by_mp_6-7_Pentax_7.html',0),(146,'/C:/tmp/annieSearch/training_1/nextag/megapixel/megapixel/6-7/Pentax/by_mp_6-7_Pentax_8.html',0),(147,'/C:/tmp/annieSearch/training_1/nextag/megapixel/megapixel/6-7/Pentax/by_mp_6-7_Pentax_9.html',0),(148,'/C:/tmp/annieSearch/training_1/nextag/megapixel/megapixel/7-8/Canon/by_mp_7-8_Canon_1.html',0),(149,'/C:/tmp/annieSearch/training_1/nextag/megapixel/megapixel/7-8/Canon/by_mp_7-8_Canon_10.html',0),(150,'/C:/tmp/annieSearch/training_1/nextag/megapixel/megapixel/7-8/Canon/by_mp_7-8_Canon_11.html',0),(151,'/C:/tmp/annieSearch/training_1/nextag/megapixel/megapixel/7-8/Canon/by_mp_7-8_Canon_2.html',0),(152,'/C:/tmp/annieSearch/training_1/nextag/megapixel/megapixel/7-8/Canon/by_mp_7-8_Canon_3.html',0),(153,'/C:/tmp/annieSearch/training_1/nextag/megapixel/megapixel/7-8/Canon/by_mp_7-8_Canon_4.html',0),(154,'/C:/tmp/annieSearch/training_1/nextag/megapixel/megapixel/7-8/Canon/by_mp_7-8_Canon_5.html',0),(155,'/C:/tmp/annieSearch/training_1/nextag/megapixel/megapixel/7-8/Canon/by_mp_7-8_Canon_6.html',0),(156,'/C:/tmp/annieSearch/training_1/nextag/megapixel/megapixel/7-8/Canon/by_mp_7-8_Canon_7.html',0),(157,'/C:/tmp/annieSearch/training_1/nextag/megapixel/megapixel/7-8/Canon/by_mp_7-8_Canon_8.html',0),(158,'/C:/tmp/annieSearch/training_1/nextag/megapixel/megapixel/7-8/Canon/by_mp_7-8_Canon_9.html',0),(159,'/C:/tmp/annieSearch/training_1/nextag/megapixel/megapixel/7-8/Olympus/by_mp_7-8_Olympus_1.html',0),(160,'/C:/tmp/annieSearch/training_1/nextag/megapixel/megapixel/7-8/Olympus/by_mp_7-8_Olympus_10.html',0),(161,'/C:/tmp/annieSearch/training_1/nextag/megapixel/megapixel/7-8/Olympus/by_mp_7-8_Olympus_2.html',0),(162,'/C:/tmp/annieSearch/training_1/nextag/megapixel/megapixel/7-8/Olympus/by_mp_7-8_Olympus_3.html',0),(163,'/C:/tmp/annieSearch/training_1/nextag/megapixel/megapixel/7-8/Olympus/by_mp_7-8_Olympus_4.html',0),(164,'/C:/tmp/annieSearch/training_1/nextag/megapixel/megapixel/7-8/Olympus/by_mp_7-8_Olympus_5.html',0),(165,'/C:/tmp/annieSearch/training_1/nextag/megapixel/megapixel/7-8/Olympus/by_mp_7-8_Olympus_6.html',0),(166,'/C:/tmp/annieSearch/training_1/nextag/megapixel/megapixel/7-8/Olympus/by_mp_7-8_Olympus_7.html',0),(167,'/C:/tmp/annieSearch/training_1/nextag/megapixel/megapixel/7-8/Olympus/by_mp_7-8_Olympus_8.html',0),(168,'/C:/tmp/annieSearch/training_1/nextag/megapixel/megapixel/7-8/Olympus/by_mp_7-8_Olympus_9.html',0),(169,'/C:/tmp/annieSearch/training_1/nextag/megapixel/megapixel/7-8/Panasonic/by_mp_7-8_Panasonic_1.html',0),(170,'/C:/tmp/annieSearch/training_1/nextag/megapixel/megapixel/7-8/Panasonic/by_mp_7-8_Panasonic_10.html',0),(171,'/C:/tmp/annieSearch/training_1/nextag/megapixel/megapixel/7-8/Panasonic/by_mp_7-8_Panasonic_2.html',0),(172,'/C:/tmp/annieSearch/training_1/nextag/megapixel/megapixel/7-8/Panasonic/by_mp_7-8_Panasonic_3.html',0),(173,'/C:/tmp/annieSearch/training_1/nextag/megapixel/megapixel/7-8/Panasonic/by_mp_7-8_Panasonic_4.html',0),(174,'/C:/tmp/annieSearch/training_1/nextag/megapixel/megapixel/7-8/Panasonic/by_mp_7-8_Panasonic_5.html',0),(175,'/C:/tmp/annieSearch/training_1/nextag/megapixel/megapixel/7-8/Panasonic/by_mp_7-8_Panasonic_6.html',0),(176,'/C:/tmp/annieSearch/training_1/nextag/megapixel/megapixel/7-8/Panasonic/by_mp_7-8_Panasonic_7.html',0),(177,'/C:/tmp/annieSearch/training_1/nextag/megapixel/megapixel/7-8/Panasonic/by_mp_7-8_Panasonic_8.html',0),(178,'/C:/tmp/annieSearch/training_1/nextag/megapixel/megapixel/7-8/Panasonic/by_mp_7-8_Panasonic_9.html',0),(179,'/C:/tmp/annieSearch/training_1/nextag/megapixel/megapixel/8-9/Canon/by_mp_8-9_Canon_1.html',0),(180,'/C:/tmp/annieSearch/training_1/nextag/megapixel/megapixel/8-9/Canon/by_mp_8-9_Canon_10.html',0),(181,'/C:/tmp/annieSearch/training_1/nextag/megapixel/megapixel/8-9/Canon/by_mp_8-9_Canon_2.html',0),(182,'/C:/tmp/annieSearch/training_1/nextag/megapixel/megapixel/8-9/Canon/by_mp_8-9_Canon_3.html',0),(183,'/C:/tmp/annieSearch/training_1/nextag/megapixel/megapixel/8-9/Canon/by_mp_8-9_Canon_4.html',0),(184,'/C:/tmp/annieSearch/training_1/nextag/megapixel/megapixel/8-9/Canon/by_mp_8-9_Canon_5.html',0),(185,'/C:/tmp/annieSearch/training_1/nextag/megapixel/megapixel/8-9/Canon/by_mp_8-9_Canon_6.html',0),(186,'/C:/tmp/annieSearch/training_1/nextag/megapixel/megapixel/8-9/Canon/by_mp_8-9_Canon_7.html',0),(187,'/C:/tmp/annieSearch/training_1/nextag/megapixel/megapixel/8-9/Canon/by_mp_8-9_Canon_8.html',0),(188,'/C:/tmp/annieSearch/training_1/nextag/megapixel/megapixel/8-9/Canon/by_mp_8-9_Canon_9.html',0),(189,'/C:/tmp/annieSearch/training_1/nextag/megapixel/megapixel/8-9/Panasonic/by_mp_8-9_Panasonic_1.html',0),(190,'/C:/tmp/annieSearch/training_1/nextag/megapixel/megapixel/8-9/Panasonic/by_mp_8-9_Panasonic_10.html',0),(191,'/C:/tmp/annieSearch/training_1/nextag/megapixel/megapixel/8-9/Panasonic/by_mp_8-9_Panasonic_2.html',0),(192,'/C:/tmp/annieSearch/training_1/nextag/megapixel/megapixel/8-9/Panasonic/by_mp_8-9_Panasonic_3.html',0),(193,'/C:/tmp/annieSearch/training_1/nextag/megapixel/megapixel/8-9/Panasonic/by_mp_8-9_Panasonic_4.html',0),(194,'/C:/tmp/annieSearch/training_1/nextag/megapixel/megapixel/8-9/Panasonic/by_mp_8-9_Panasonic_5.html',0),(195,'/C:/tmp/annieSearch/training_1/nextag/megapixel/megapixel/8-9/Panasonic/by_mp_8-9_Panasonic_6.html',0),(196,'/C:/tmp/annieSearch/training_1/nextag/megapixel/megapixel/8-9/Panasonic/by_mp_8-9_Panasonic_7.html',0),(197,'/C:/tmp/annieSearch/training_1/nextag/megapixel/megapixel/8-9/Panasonic/by_mp_8-9_Panasonic_8.html',0),(198,'/C:/tmp/annieSearch/training_1/nextag/megapixel/megapixel/8-9/Panasonic/by_mp_8-9_Panasonic_9.html',0),(199,'/C:/tmp/annieSearch/training_1/nextag/megapixel/megapixel/8-9/Samsung/by_mp_8-9_Samsung_1.html',0),(200,'/C:/tmp/annieSearch/training_1/nextag/megapixel/megapixel/8-9/Samsung/by_mp_8-9_Samsung_10.html',0),(201,'/C:/tmp/annieSearch/training_1/nextag/megapixel/megapixel/8-9/Samsung/by_mp_8-9_Samsung_11.html',0),(202,'/C:/tmp/annieSearch/training_1/nextag/megapixel/megapixel/8-9/Samsung/by_mp_8-9_Samsung_2.html',0),(203,'/C:/tmp/annieSearch/training_1/nextag/megapixel/megapixel/8-9/Samsung/by_mp_8-9_Samsung_3.html',0),(204,'/C:/tmp/annieSearch/training_1/nextag/megapixel/megapixel/8-9/Samsung/by_mp_8-9_Samsung_4.html',0),(205,'/C:/tmp/annieSearch/training_1/nextag/megapixel/megapixel/8-9/Samsung/by_mp_8-9_Samsung_5.html',0),(206,'/C:/tmp/annieSearch/training_1/nextag/megapixel/megapixel/8-9/Samsung/by_mp_8-9_Samsung_6.html',0),(207,'/C:/tmp/annieSearch/training_1/nextag/megapixel/megapixel/8-9/Samsung/by_mp_8-9_Samsung_7.html',0),(208,'/C:/tmp/annieSearch/training_1/nextag/megapixel/megapixel/8-9/Samsung/by_mp_8-9_Samsung_8.html',0),(209,'/C:/tmp/annieSearch/training_1/nextag/megapixel/megapixel/8-9/Samsung/by_mp_8-9_Samsung_9.html',0),(210,'/C:/tmp/annieSearch/training_1/nextag/megapixel/megapixel/9-more/Canon/by_mp_9-more_Canon_1.html',0),(211,'/C:/tmp/annieSearch/training_1/nextag/megapixel/megapixel/9-more/Canon/by_mp_9-more_Canon_10.html',0),(212,'/C:/tmp/annieSearch/training_1/nextag/megapixel/megapixel/9-more/Canon/by_mp_9-more_Canon_11.html',0),(213,'/C:/tmp/annieSearch/training_1/nextag/megapixel/megapixel/9-more/Canon/by_mp_9-more_Canon_2.html',0),(214,'/C:/tmp/annieSearch/training_1/nextag/megapixel/megapixel/9-more/Canon/by_mp_9-more_Canon_3.html',0),(215,'/C:/tmp/annieSearch/training_1/nextag/megapixel/megapixel/9-more/Canon/by_mp_9-more_Canon_4.html',0),(216,'/C:/tmp/annieSearch/training_1/nextag/megapixel/megapixel/9-more/Canon/by_mp_9-more_Canon_5.html',0),(217,'/C:/tmp/annieSearch/training_1/nextag/megapixel/megapixel/9-more/Canon/by_mp_9-more_Canon_6.html',0),(218,'/C:/tmp/annieSearch/training_1/nextag/megapixel/megapixel/9-more/Canon/by_mp_9-more_Canon_7.html',0),(219,'/C:/tmp/annieSearch/training_1/nextag/megapixel/megapixel/9-more/Canon/by_mp_9-more_Canon_8.html',0),(220,'/C:/tmp/annieSearch/training_1/nextag/megapixel/megapixel/9-more/Canon/by_mp_9-more_Canon_9.html',0),(221,'/C:/tmp/annieSearch/training_1/nextag/megapixel/megapixel/9-more/Nikon/by_mp_9-more_Nikon_1.html',0),(222,'/C:/tmp/annieSearch/training_1/nextag/megapixel/megapixel/9-more/Nikon/by_mp_9-more_Nikon_10.html',0),(223,'/C:/tmp/annieSearch/training_1/nextag/megapixel/megapixel/9-more/Nikon/by_mp_9-more_Nikon_2.html',0),(224,'/C:/tmp/annieSearch/training_1/nextag/megapixel/megapixel/9-more/Nikon/by_mp_9-more_Nikon_3.html',0),(225,'/C:/tmp/annieSearch/training_1/nextag/megapixel/megapixel/9-more/Nikon/by_mp_9-more_Nikon_4.html',0),(226,'/C:/tmp/annieSearch/training_1/nextag/megapixel/megapixel/9-more/Nikon/by_mp_9-more_Nikon_5.html',0),(227,'/C:/tmp/annieSearch/training_1/nextag/megapixel/megapixel/9-more/Nikon/by_mp_9-more_Nikon_6.html',0),(228,'/C:/tmp/annieSearch/training_1/nextag/megapixel/megapixel/9-more/Nikon/by_mp_9-more_Nikon_7.html',0),(229,'/C:/tmp/annieSearch/training_1/nextag/megapixel/megapixel/9-more/Nikon/by_mp_9-more_Nikon_8.html',0),(230,'/C:/tmp/annieSearch/training_1/nextag/megapixel/megapixel/9-more/Nikon/by_mp_9-more_Nikon_9.html',0),(231,'/C:/tmp/annieSearch/training_1/nextag/megapixel/megapixel/9-more/Olympus/by_mp_9-more_Olympus_1.html',0),(232,'/C:/tmp/annieSearch/training_1/nextag/megapixel/megapixel/9-more/Olympus/by_mp_9-more_Olympus_10.html',0),(233,'/C:/tmp/annieSearch/training_1/nextag/megapixel/megapixel/9-more/Olympus/by_mp_9-more_Olympus_2.html',0),(234,'/C:/tmp/annieSearch/training_1/nextag/megapixel/megapixel/9-more/Olympus/by_mp_9-more_Olympus_3.html',0),(235,'/C:/tmp/annieSearch/training_1/nextag/megapixel/megapixel/9-more/Olympus/by_mp_9-more_Olympus_4.html',0),(236,'/C:/tmp/annieSearch/training_1/nextag/megapixel/megapixel/9-more/Olympus/by_mp_9-more_Olympus_5.html',0),(237,'/C:/tmp/annieSearch/training_1/nextag/megapixel/megapixel/9-more/Olympus/by_mp_9-more_Olympus_6.html',0),(238,'/C:/tmp/annieSearch/training_1/nextag/megapixel/megapixel/9-more/Olympus/by_mp_9-more_Olympus_7.html',0),(239,'/C:/tmp/annieSearch/training_1/nextag/megapixel/megapixel/9-more/Olympus/by_mp_9-more_Olympus_8.html',0),(240,'/C:/tmp/annieSearch/training_1/nextag/megapixel/megapixel/9-more/Olympus/by_mp_9-more_Olympus_9.html',0),(241,'/C:/tmp/annieSearch/training_1/nextag/price/price/0-110/by_price_0-110_1.html',0),(242,'/C:/tmp/annieSearch/training_1/nextag/price/price/0-110/by_price_0-110_2.html',0),(243,'/C:/tmp/annieSearch/training_1/nextag/price/price/0-110/by_price_0-110_3.html',0),(244,'/C:/tmp/annieSearch/training_1/nextag/price/price/0-110/by_price_0-110_4.html',0),(245,'/C:/tmp/annieSearch/training_1/nextag/price/price/0-110/by_price_0-110_5.html',0),(246,'/C:/tmp/annieSearch/training_1/nextag/price/price/0-110/by_price_0-110_6.html',0),(247,'/C:/tmp/annieSearch/training_1/nextag/price/price/0-110/by_price_0-110_7.html',0),(248,'/C:/tmp/annieSearch/training_1/nextag/price/price/0-110/by_price_0-110_8.html',0),(249,'/C:/tmp/annieSearch/training_1/nextag/price/price/110-200/by_price_110-200_1.html',0),(250,'/C:/tmp/annieSearch/training_1/nextag/price/price/110-200/by_price_110-200_10.html',0),(251,'/C:/tmp/annieSearch/training_1/nextag/price/price/110-200/by_price_110-200_11.html',0),(252,'/C:/tmp/annieSearch/training_1/nextag/price/price/110-200/by_price_110-200_12.html',0),(253,'/C:/tmp/annieSearch/training_1/nextag/price/price/110-200/by_price_110-200_13.html',0),(254,'/C:/tmp/annieSearch/training_1/nextag/price/price/110-200/by_price_110-200_14.html',0),(255,'/C:/tmp/annieSearch/training_1/nextag/price/price/110-200/by_price_110-200_15.html',0),(256,'/C:/tmp/annieSearch/training_1/nextag/price/price/110-200/by_price_110-200_16.html',0),(257,'/C:/tmp/annieSearch/training_1/nextag/price/price/110-200/by_price_110-200_17.html',0),(258,'/C:/tmp/annieSearch/training_1/nextag/price/price/110-200/by_price_110-200_18.html',0),(259,'/C:/tmp/annieSearch/training_1/nextag/price/price/110-200/by_price_110-200_19.html',0),(260,'/C:/tmp/annieSearch/training_1/nextag/price/price/110-200/by_price_110-200_2.html',0),(261,'/C:/tmp/annieSearch/training_1/nextag/price/price/110-200/by_price_110-200_20.html',0),(262,'/C:/tmp/annieSearch/training_1/nextag/price/price/110-200/by_price_110-200_21.html',0),(263,'/C:/tmp/annieSearch/training_1/nextag/price/price/110-200/by_price_110-200_22.html',0),(264,'/C:/tmp/annieSearch/training_1/nextag/price/price/110-200/by_price_110-200_23.html',0),(265,'/C:/tmp/annieSearch/training_1/nextag/price/price/110-200/by_price_110-200_24.html',0),(266,'/C:/tmp/annieSearch/training_1/nextag/price/price/110-200/by_price_110-200_3.html',0),(267,'/C:/tmp/annieSearch/training_1/nextag/price/price/110-200/by_price_110-200_4.html',0),(268,'/C:/tmp/annieSearch/training_1/nextag/price/price/110-200/by_price_110-200_5.html',0),(269,'/C:/tmp/annieSearch/training_1/nextag/price/price/110-200/by_price_110-200_6.html',0),(270,'/C:/tmp/annieSearch/training_1/nextag/price/price/110-200/by_price_110-200_7.html',0),(271,'/C:/tmp/annieSearch/training_1/nextag/price/price/110-200/by_price_110-200_8.html',0),(272,'/C:/tmp/annieSearch/training_1/nextag/price/price/110-200/by_price_110-200_9.html',0),(273,'/C:/tmp/annieSearch/training_1/nextag/price/price/200-400/Canon/by_price_200_400_canon_1.html',0),(274,'/C:/tmp/annieSearch/training_1/nextag/price/price/200-400/Canon/by_price_200_400_canon_2.html',0),(275,'/C:/tmp/annieSearch/training_1/nextag/price/price/200-400/Canon/by_price_200_400_canon_3.html',0),(276,'/C:/tmp/annieSearch/training_1/nextag/price/price/200-400/Canon/by_price_200_400_canon_4.html',0),(277,'/C:/tmp/annieSearch/training_1/nextag/price/price/200-400/Canon/by_price_200_400_canon_5.html',0),(278,'/C:/tmp/annieSearch/training_1/nextag/price/price/200-400/Canon/by_price_200_400_canon_6.html',0),(279,'/C:/tmp/annieSearch/training_1/nextag/price/price/200-400/Canon/by_price_200_400_canon_7.html',0),(280,'/C:/tmp/annieSearch/training_1/nextag/price/price/200-400/Nikon/by_price_200-400_Nikon_1.html',0),(281,'/C:/tmp/annieSearch/training_1/nextag/price/price/200-400/Nikon/by_price_200-400_Nikon_2.html',0),(282,'/C:/tmp/annieSearch/training_1/nextag/price/price/200-400/Nikon/by_price_200-400_Nikon_3.html',0),(283,'/C:/tmp/annieSearch/training_1/nextag/price/price/200-400/Nikon/by_price_200-400_Nikon_4.html',0),(284,'/C:/tmp/annieSearch/training_1/nextag/price/price/200-400/Nikon/by_price_200-400_Nikon_5.html',0),(285,'/C:/tmp/annieSearch/training_1/nextag/price/price/200-400/Nikon/by_price_200-400_Nikon_6.html',0),(286,'/C:/tmp/annieSearch/training_1/nextag/price/price/200-400/Olympus/by_price_200-400_Olympus_1.html',0),(287,'/C:/tmp/annieSearch/training_1/nextag/price/price/200-400/Olympus/by_price_200-400_Olympus_2.html',0),(288,'/C:/tmp/annieSearch/training_1/nextag/price/price/200-400/Olympus/by_price_200-400_Olympus_3.html',0),(289,'/C:/tmp/annieSearch/training_1/nextag/price/price/200-400/Olympus/by_price_200-400_Olympus_4.html',0),(290,'/C:/tmp/annieSearch/training_1/nextag/price/price/200-400/Olympus/by_price_200-400_Olympus_5.html',0),(291,'/C:/tmp/annieSearch/training_1/nextag/price/price/200-400/Olympus/by_price_200-400_Olympus_6.html',0),(292,'/C:/tmp/annieSearch/training_1/nextag/price/price/200-400/Panasonic/by_price_200-400_Panasonic_1.html',0),(293,'/C:/tmp/annieSearch/training_1/nextag/price/price/200-400/Panasonic/by_price_200-400_Panasonic_2.html',0),(294,'/C:/tmp/annieSearch/training_1/nextag/price/price/200-400/Panasonic/by_price_200-400_Panasonic_3.html',0),(295,'/C:/tmp/annieSearch/training_1/nextag/price/price/200-400/Panasonic/by_price_200-400_Panasonic_4.html',0),(296,'/C:/tmp/annieSearch/training_1/nextag/price/price/200-400/Panasonic/by_price_200-400_Panasonic_5.html',0),(297,'/C:/tmp/annieSearch/training_1/nextag/price/price/200-400/Panasonic/by_price_200-400_Panasonic_6.html',0),(298,'/C:/tmp/annieSearch/training_1/nextag/price/price/200-400/Panasonic/by_price_200-400_Panasonic_7.html',0),(299,'/C:/tmp/annieSearch/training_1/nextag/price/price/200-400/Sony/by_price_200-400_Sony_1.html',0),(300,'/C:/tmp/annieSearch/training_1/nextag/price/price/200-400/Sony/by_price_200-400_Sony_2.html',0),(301,'/C:/tmp/annieSearch/training_1/nextag/price/price/200-400/Sony/by_price_200-400_Sony_3.html',0),(302,'/C:/tmp/annieSearch/training_1/nextag/price/price/400-800/Canon/by_price_400-800_canon_1.html',0),(303,'/C:/tmp/annieSearch/training_1/nextag/price/price/400-800/Canon/by_price_400-800_canon_10.html',0),(304,'/C:/tmp/annieSearch/training_1/nextag/price/price/400-800/Canon/by_price_400-800_canon_2.html',0),(305,'/C:/tmp/annieSearch/training_1/nextag/price/price/400-800/Canon/by_price_400-800_canon_3.html',0),(306,'/C:/tmp/annieSearch/training_1/nextag/price/price/400-800/Canon/by_price_400-800_canon_4.html',0),(307,'/C:/tmp/annieSearch/training_1/nextag/price/price/400-800/Canon/by_price_400-800_canon_5.html',0),(308,'/C:/tmp/annieSearch/training_1/nextag/price/price/400-800/Canon/by_price_400-800_canon_6.html',0),(309,'/C:/tmp/annieSearch/training_1/nextag/price/price/400-800/Canon/by_price_400-800_canon_7.html',0),(310,'/C:/tmp/annieSearch/training_1/nextag/price/price/400-800/Canon/by_price_400-800_canon_8.html',0),(311,'/C:/tmp/annieSearch/training_1/nextag/price/price/400-800/Canon/by_price_400-800_canon_9.html',0),(312,'/C:/tmp/annieSearch/training_1/nextag/price/price/400-800/Nikon/by_price_400-800_Nikon_1.html',0),(313,'/C:/tmp/annieSearch/training_1/nextag/price/price/400-800/Nikon/by_price_400-800_Nikon_10.html',0),(314,'/C:/tmp/annieSearch/training_1/nextag/price/price/400-800/Nikon/by_price_400-800_Nikon_2.html',0),(315,'/C:/tmp/annieSearch/training_1/nextag/price/price/400-800/Nikon/by_price_400-800_Nikon_3.html',0),(316,'/C:/tmp/annieSearch/training_1/nextag/price/price/400-800/Nikon/by_price_400-800_Nikon_4.html',0),(317,'/C:/tmp/annieSearch/training_1/nextag/price/price/400-800/Nikon/by_price_400-800_Nikon_5.html',0),(318,'/C:/tmp/annieSearch/training_1/nextag/price/price/400-800/Nikon/by_price_400-800_Nikon_6.html',0),(319,'/C:/tmp/annieSearch/training_1/nextag/price/price/400-800/Nikon/by_price_400-800_Nikon_7.html',0),(320,'/C:/tmp/annieSearch/training_1/nextag/price/price/400-800/Nikon/by_price_400-800_Nikon_8.html',0),(321,'/C:/tmp/annieSearch/training_1/nextag/price/price/400-800/Nikon/by_price_400-800_Nikon_9.html',0),(322,'/C:/tmp/annieSearch/training_1/nextag/price/price/400-800/Olympus/by_price_400-800_Olympus_1.html',0),(323,'/C:/tmp/annieSearch/training_1/nextag/price/price/400-800/Olympus/by_price_400-800_Olympus_10.html',0),(324,'/C:/tmp/annieSearch/training_1/nextag/price/price/400-800/Olympus/by_price_400-800_Olympus_2.html',0),(325,'/C:/tmp/annieSearch/training_1/nextag/price/price/400-800/Olympus/by_price_400-800_Olympus_3.html',0),(326,'/C:/tmp/annieSearch/training_1/nextag/price/price/400-800/Olympus/by_price_400-800_Olympus_4.html',0),(327,'/C:/tmp/annieSearch/training_1/nextag/price/price/400-800/Olympus/by_price_400-800_Olympus_5.html',0),(328,'/C:/tmp/annieSearch/training_1/nextag/price/price/400-800/Olympus/by_price_400-800_Olympus_6.html',0),(329,'/C:/tmp/annieSearch/training_1/nextag/price/price/400-800/Olympus/by_price_400-800_Olympus_7.html',0),(330,'/C:/tmp/annieSearch/training_1/nextag/price/price/400-800/Olympus/by_price_400-800_Olympus_8.html',0),(331,'/C:/tmp/annieSearch/training_1/nextag/price/price/400-800/Olympus/by_price_400-800_Olympus_9.html',0),(332,'/C:/tmp/annieSearch/training_1/nextag/price/price/800-more/Canon/by_price_800-more_canon_1.html',0),(333,'/C:/tmp/annieSearch/training_1/nextag/price/price/800-more/Canon/by_price_800-more_canon_10.html',0),(334,'/C:/tmp/annieSearch/training_1/nextag/price/price/800-more/Canon/by_price_800-more_canon_2.html',0),(335,'/C:/tmp/annieSearch/training_1/nextag/price/price/800-more/Canon/by_price_800-more_canon_3.html',0),(336,'/C:/tmp/annieSearch/training_1/nextag/price/price/800-more/Canon/by_price_800-more_canon_4.html',0),(337,'/C:/tmp/annieSearch/training_1/nextag/price/price/800-more/Canon/by_price_800-more_canon_5.html',0),(338,'/C:/tmp/annieSearch/training_1/nextag/price/price/800-more/Canon/by_price_800-more_canon_6.html',0),(339,'/C:/tmp/annieSearch/training_1/nextag/price/price/800-more/Canon/by_price_800-more_canon_7.html',0),(340,'/C:/tmp/annieSearch/training_1/nextag/price/price/800-more/Canon/by_price_800-more_canon_8.html',0),(341,'/C:/tmp/annieSearch/training_1/nextag/price/price/800-more/Canon/by_price_800-more_canon_9.html',0),(342,'/C:/tmp/annieSearch/training_1/nextag/price/price/800-more/Nikon/by_price_800-more_Nikon_1.html',0),(343,'/C:/tmp/annieSearch/training_1/nextag/price/price/800-more/Nikon/by_price_800-more_Nikon_10.html',0),(344,'/C:/tmp/annieSearch/training_1/nextag/price/price/800-more/Nikon/by_price_800-more_Nikon_2.html',0),(345,'/C:/tmp/annieSearch/training_1/nextag/price/price/800-more/Nikon/by_price_800-more_Nikon_3.html',0),(346,'/C:/tmp/annieSearch/training_1/nextag/price/price/800-more/Nikon/by_price_800-more_Nikon_4.html',0),(347,'/C:/tmp/annieSearch/training_1/nextag/price/price/800-more/Nikon/by_price_800-more_Nikon_5.html',0),(348,'/C:/tmp/annieSearch/training_1/nextag/price/price/800-more/Nikon/by_price_800-more_Nikon_6.html',0),(349,'/C:/tmp/annieSearch/training_1/nextag/price/price/800-more/Nikon/by_price_800-more_Nikon_7.html',0),(350,'/C:/tmp/annieSearch/training_1/nextag/price/price/800-more/Nikon/by_price_800-more_Nikon_8.html',0),(351,'/C:/tmp/annieSearch/training_1/nextag/price/price/800-more/Nikon/by_price_800-more_Nikon_9.html',0),(352,'/C:/tmp/annieSearch/training_1/nextag/price/price/800-more/Sony/by_price_800-more_Sony_1.html',0),(353,'/C:/tmp/annieSearch/training_1/nextag/price/price/800-more/Sony/by_price_800-more_Sony_10.html',0),(354,'/C:/tmp/annieSearch/training_1/nextag/price/price/800-more/Sony/by_price_800-more_Sony_2.html',0),(355,'/C:/tmp/annieSearch/training_1/nextag/price/price/800-more/Sony/by_price_800-more_Sony_3.html',0),(356,'/C:/tmp/annieSearch/training_1/nextag/price/price/800-more/Sony/by_price_800-more_Sony_4.html',0),(357,'/C:/tmp/annieSearch/training_1/nextag/price/price/800-more/Sony/by_price_800-more_Sony_5.html',0),(358,'/C:/tmp/annieSearch/training_1/nextag/price/price/800-more/Sony/by_price_800-more_Sony_6.html',0),(359,'/C:/tmp/annieSearch/training_1/nextag/price/price/800-more/Sony/by_price_800-more_Sony_7.html',0),(360,'/C:/tmp/annieSearch/training_1/nextag/price/price/800-more/Sony/by_price_800-more_Sony_8.html',0),(361,'/C:/tmp/annieSearch/training_1/nextag/price/price/800-more/Sony/by_price_800-more_Sony_9.html',0),(362,'/C:/tmp/annieSearch/training_1/nextag/zoom/0-4x/Canon/by_zoom_0-4x_Canon_1.html',0),(363,'/C:/tmp/annieSearch/training_1/nextag/zoom/0-4x/Canon/by_zoom_0-4x_Canon_10.html',0),(364,'/C:/tmp/annieSearch/training_1/nextag/zoom/0-4x/Canon/by_zoom_0-4x_Canon_11.html',0),(365,'/C:/tmp/annieSearch/training_1/nextag/zoom/0-4x/Canon/by_zoom_0-4x_Canon_12.html',0),(366,'/C:/tmp/annieSearch/training_1/nextag/zoom/0-4x/Canon/by_zoom_0-4x_Canon_13.html',0),(367,'/C:/tmp/annieSearch/training_1/nextag/zoom/0-4x/Canon/by_zoom_0-4x_Canon_14.html',0),(368,'/C:/tmp/annieSearch/training_1/nextag/zoom/0-4x/Canon/by_zoom_0-4x_Canon_15.html',0),(369,'/C:/tmp/annieSearch/training_1/nextag/zoom/0-4x/Canon/by_zoom_0-4x_Canon_16.html',0),(370,'/C:/tmp/annieSearch/training_1/nextag/zoom/0-4x/Canon/by_zoom_0-4x_Canon_17.html',0),(371,'/C:/tmp/annieSearch/training_1/nextag/zoom/0-4x/Canon/by_zoom_0-4x_Canon_18.html',0),(372,'/C:/tmp/annieSearch/training_1/nextag/zoom/0-4x/Canon/by_zoom_0-4x_Canon_19.html',0),(373,'/C:/tmp/annieSearch/training_1/nextag/zoom/0-4x/Canon/by_zoom_0-4x_Canon_2.html',0),(374,'/C:/tmp/annieSearch/training_1/nextag/zoom/0-4x/Canon/by_zoom_0-4x_Canon_20.html',0),(375,'/C:/tmp/annieSearch/training_1/nextag/zoom/0-4x/Canon/by_zoom_0-4x_Canon_21.html',0),(376,'/C:/tmp/annieSearch/training_1/nextag/zoom/0-4x/Canon/by_zoom_0-4x_Canon_22.html',0),(377,'/C:/tmp/annieSearch/training_1/nextag/zoom/0-4x/Canon/by_zoom_0-4x_Canon_23.html',0),(378,'/C:/tmp/annieSearch/training_1/nextag/zoom/0-4x/Canon/by_zoom_0-4x_Canon_24.html',0),(379,'/C:/tmp/annieSearch/training_1/nextag/zoom/0-4x/Canon/by_zoom_0-4x_Canon_25.html',0),(380,'/C:/tmp/annieSearch/training_1/nextag/zoom/0-4x/Canon/by_zoom_0-4x_Canon_26.html',0),(381,'/C:/tmp/annieSearch/training_1/nextag/zoom/0-4x/Canon/by_zoom_0-4x_Canon_3.html',0),(382,'/C:/tmp/annieSearch/training_1/nextag/zoom/0-4x/Canon/by_zoom_0-4x_Canon_4.html',0),(383,'/C:/tmp/annieSearch/training_1/nextag/zoom/0-4x/Canon/by_zoom_0-4x_Canon_5.html',0),(384,'/C:/tmp/annieSearch/training_1/nextag/zoom/0-4x/Canon/by_zoom_0-4x_Canon_6.html',0),(385,'/C:/tmp/annieSearch/training_1/nextag/zoom/0-4x/Canon/by_zoom_0-4x_Canon_7.html',0),(386,'/C:/tmp/annieSearch/training_1/nextag/zoom/0-4x/Canon/by_zoom_0-4x_Canon_8.html',0),(387,'/C:/tmp/annieSearch/training_1/nextag/zoom/0-4x/Canon/by_zoom_0-4x_Canon_9.html',0),(388,'/C:/tmp/annieSearch/training_1/nextag/zoom/0-4x/Nikon/by_zoom_0-4x_Nikon_1.html',0),(389,'/C:/tmp/annieSearch/training_1/nextag/zoom/0-4x/Nikon/by_zoom_0-4x_Nikon_2.html',0),(390,'/C:/tmp/annieSearch/training_1/nextag/zoom/0-4x/Nikon/by_zoom_0-4x_Nikon_3.html',0),(391,'/C:/tmp/annieSearch/training_1/nextag/zoom/0-4x/Nikon/by_zoom_0-4x_Nikon_4.html',0),(392,'/C:/tmp/annieSearch/training_1/nextag/zoom/0-4x/Nikon/by_zoom_0-4x_Nikon_5.html',0),(393,'/C:/tmp/annieSearch/training_1/nextag/zoom/0-4x/Nikon/by_zoom_0-4x_Nikon_6.html',0),(394,'/C:/tmp/annieSearch/training_1/nextag/zoom/0-4x/Nikon/by_zoom_0-4x_Nikon_7.html',0),(395,'/C:/tmp/annieSearch/training_1/nextag/zoom/0-4x/Nikon/by_zoom_0-4x_Nikon_8.html',0),(396,'/C:/tmp/annieSearch/training_1/nextag/zoom/0-4x/Nikon/by_zoom_0-4x_Nikon_9.html',0),(397,'/C:/tmp/annieSearch/training_1/nextag/zoom/0-4x/Pentax/by_zoom_0-4x_Pentax_1.html',0),(398,'/C:/tmp/annieSearch/training_1/nextag/zoom/0-4x/Pentax/by_zoom_0-4x_Pentax_2.html',0),(399,'/C:/tmp/annieSearch/training_1/nextag/zoom/0-4x/Pentax/by_zoom_0-4x_Pentax_3.html',0),(400,'/C:/tmp/annieSearch/training_1/nextag/zoom/0-4x/Pentax/by_zoom_0-4x_Pentax_4.html',0),(401,'/C:/tmp/annieSearch/training_1/nextag/zoom/0-4x/Sony/by_zoom_0-4x_Sony_1.html',0),(402,'/C:/tmp/annieSearch/training_1/nextag/zoom/0-4x/Sony/by_zoom_0-4x_Sony_10.html',0),(403,'/C:/tmp/annieSearch/training_1/nextag/zoom/0-4x/Sony/by_zoom_0-4x_Sony_11.html',0),(404,'/C:/tmp/annieSearch/training_1/nextag/zoom/0-4x/Sony/by_zoom_0-4x_Sony_12.html',0),(405,'/C:/tmp/annieSearch/training_1/nextag/zoom/0-4x/Sony/by_zoom_0-4x_Sony_13.html',0),(406,'/C:/tmp/annieSearch/training_1/nextag/zoom/0-4x/Sony/by_zoom_0-4x_Sony_14.html',0),(407,'/C:/tmp/annieSearch/training_1/nextag/zoom/0-4x/Sony/by_zoom_0-4x_Sony_15.html',0),(408,'/C:/tmp/annieSearch/training_1/nextag/zoom/0-4x/Sony/by_zoom_0-4x_Sony_2.html',0),(409,'/C:/tmp/annieSearch/training_1/nextag/zoom/0-4x/Sony/by_zoom_0-4x_Sony_3.html',0),(410,'/C:/tmp/annieSearch/training_1/nextag/zoom/0-4x/Sony/by_zoom_0-4x_Sony_4.html',0),(411,'/C:/tmp/annieSearch/training_1/nextag/zoom/0-4x/Sony/by_zoom_0-4x_Sony_5.html',0),(412,'/C:/tmp/annieSearch/training_1/nextag/zoom/0-4x/Sony/by_zoom_0-4x_Sony_6.html',0),(413,'/C:/tmp/annieSearch/training_1/nextag/zoom/0-4x/Sony/by_zoom_0-4x_Sony_7.html',0),(414,'/C:/tmp/annieSearch/training_1/nextag/zoom/0-4x/Sony/by_zoom_0-4x_Sony_8.html',0),(415,'/C:/tmp/annieSearch/training_1/nextag/zoom/0-4x/Sony/by_zoom_0-4x_Sony_9.html',0),(416,'/C:/tmp/annieSearch/training_1/nextag/zoom/4-6x/Canon/by_zoom_4-6x_Canon_1.html',0),(417,'/C:/tmp/annieSearch/training_1/nextag/zoom/4-6x/Canon/by_zoom_4-6x_Canon_10.html',0),(418,'/C:/tmp/annieSearch/training_1/nextag/zoom/4-6x/Canon/by_zoom_4-6x_Canon_11.html',0),(419,'/C:/tmp/annieSearch/training_1/nextag/zoom/4-6x/Canon/by_zoom_4-6x_Canon_12.html',0),(420,'/C:/tmp/annieSearch/training_1/nextag/zoom/4-6x/Canon/by_zoom_4-6x_Canon_13.html',0),(421,'/C:/tmp/annieSearch/training_1/nextag/zoom/4-6x/Canon/by_zoom_4-6x_Canon_14.html',0),(422,'/C:/tmp/annieSearch/training_1/nextag/zoom/4-6x/Canon/by_zoom_4-6x_Canon_15.html',0),(423,'/C:/tmp/annieSearch/training_1/nextag/zoom/4-6x/Canon/by_zoom_4-6x_Canon_16.html',0),(424,'/C:/tmp/annieSearch/training_1/nextag/zoom/4-6x/Canon/by_zoom_4-6x_Canon_17.html',0),(425,'/C:/tmp/annieSearch/training_1/nextag/zoom/4-6x/Canon/by_zoom_4-6x_Canon_18.html',0),(426,'/C:/tmp/annieSearch/training_1/nextag/zoom/4-6x/Canon/by_zoom_4-6x_Canon_19.html',0),(427,'/C:/tmp/annieSearch/training_1/nextag/zoom/4-6x/Canon/by_zoom_4-6x_Canon_2.html',0),(428,'/C:/tmp/annieSearch/training_1/nextag/zoom/4-6x/Canon/by_zoom_4-6x_Canon_20.html',0),(429,'/C:/tmp/annieSearch/training_1/nextag/zoom/4-6x/Canon/by_zoom_4-6x_Canon_21.html',0),(430,'/C:/tmp/annieSearch/training_1/nextag/zoom/4-6x/Canon/by_zoom_4-6x_Canon_3.html',0),(431,'/C:/tmp/annieSearch/training_1/nextag/zoom/4-6x/Canon/by_zoom_4-6x_Canon_4.html',0),(432,'/C:/tmp/annieSearch/training_1/nextag/zoom/4-6x/Canon/by_zoom_4-6x_Canon_5.html',0),(433,'/C:/tmp/annieSearch/training_1/nextag/zoom/4-6x/Canon/by_zoom_4-6x_Canon_6.html',0),(434,'/C:/tmp/annieSearch/training_1/nextag/zoom/4-6x/Canon/by_zoom_4-6x_Canon_7.html',0),(435,'/C:/tmp/annieSearch/training_1/nextag/zoom/4-6x/Canon/by_zoom_4-6x_Canon_8.html',0),(436,'/C:/tmp/annieSearch/training_1/nextag/zoom/4-6x/Canon/by_zoom_4-6x_Canon_9.html',0),(437,'/C:/tmp/annieSearch/training_1/nextag/zoom/4-6x/Olympus/by_zoom_4-6x_Olympus_1.html',0),(438,'/C:/tmp/annieSearch/training_1/nextag/zoom/4-6x/Olympus/by_zoom_4-6x_Olympus_10.html',0),(439,'/C:/tmp/annieSearch/training_1/nextag/zoom/4-6x/Olympus/by_zoom_4-6x_Olympus_11.html',0),(440,'/C:/tmp/annieSearch/training_1/nextag/zoom/4-6x/Olympus/by_zoom_4-6x_Olympus_12.html',0),(441,'/C:/tmp/annieSearch/training_1/nextag/zoom/4-6x/Olympus/by_zoom_4-6x_Olympus_13.html',0),(442,'/C:/tmp/annieSearch/training_1/nextag/zoom/4-6x/Olympus/by_zoom_4-6x_Olympus_14.html',0),(443,'/C:/tmp/annieSearch/training_1/nextag/zoom/4-6x/Olympus/by_zoom_4-6x_Olympus_15.html',0),(444,'/C:/tmp/annieSearch/training_1/nextag/zoom/4-6x/Olympus/by_zoom_4-6x_Olympus_16.html',0),(445,'/C:/tmp/annieSearch/training_1/nextag/zoom/4-6x/Olympus/by_zoom_4-6x_Olympus_17.html',0),(446,'/C:/tmp/annieSearch/training_1/nextag/zoom/4-6x/Olympus/by_zoom_4-6x_Olympus_18.html',0),(447,'/C:/tmp/annieSearch/training_1/nextag/zoom/4-6x/Olympus/by_zoom_4-6x_Olympus_19.html',0),(448,'/C:/tmp/annieSearch/training_1/nextag/zoom/4-6x/Olympus/by_zoom_4-6x_Olympus_2.html',0),(449,'/C:/tmp/annieSearch/training_1/nextag/zoom/4-6x/Olympus/by_zoom_4-6x_Olympus_20.html',0),(450,'/C:/tmp/annieSearch/training_1/nextag/zoom/4-6x/Olympus/by_zoom_4-6x_Olympus_21.html',0),(451,'/C:/tmp/annieSearch/training_1/nextag/zoom/4-6x/Olympus/by_zoom_4-6x_Olympus_3.html',0),(452,'/C:/tmp/annieSearch/training_1/nextag/zoom/4-6x/Olympus/by_zoom_4-6x_Olympus_4.html',0),(453,'/C:/tmp/annieSearch/training_1/nextag/zoom/4-6x/Olympus/by_zoom_4-6x_Olympus_5.html',0),(454,'/C:/tmp/annieSearch/training_1/nextag/zoom/4-6x/Olympus/by_zoom_4-6x_Olympus_6.html',0),(455,'/C:/tmp/annieSearch/training_1/nextag/zoom/4-6x/Olympus/by_zoom_4-6x_Olympus_7.html',0),(456,'/C:/tmp/annieSearch/training_1/nextag/zoom/4-6x/Olympus/by_zoom_4-6x_Olympus_8.html',0),(457,'/C:/tmp/annieSearch/training_1/nextag/zoom/4-6x/Olympus/by_zoom_4-6x_Olympus_9.html',0),(458,'/C:/tmp/annieSearch/training_1/nextag/zoom/4-6x/Samsung/by_zoom_4-6x_Samsung_1.html',0),(459,'/C:/tmp/annieSearch/training_1/nextag/zoom/4-6x/Samsung/by_zoom_4-6x_Samsung_2.html',0),(460,'/C:/tmp/annieSearch/training_1/nextag/zoom/4-6x/Samsung/by_zoom_4-6x_Samsung_3.html',0),(461,'/C:/tmp/annieSearch/training_1/nextag/zoom/4-6x/Samsung/by_zoom_4-6x_Samsung_4.html',0),(462,'/C:/tmp/annieSearch/training_1/nextag/zoom/4-6x/Samsung/by_zoom_4-6x_Samsung_5.html',0),(463,'/C:/tmp/annieSearch/training_1/nextag/zoom/4-6x/Samsung/by_zoom_4-6x_Samsung_6.html',0),(464,'/C:/tmp/annieSearch/training_1/nextag/zoom/4-6x/Samsung/by_zoom_4-6x_Samsung_7.html',0),(465,'/C:/tmp/annieSearch/training_1/nextag/zoom/4-6x/Samsung/by_zoom_4-6x_Samsung_8.html',0),(466,'/C:/tmp/annieSearch/training_1/nextag/zoom/4-6x/Samsung/by_zoom_4-6x_Samsung_9.html',0),(467,'/C:/tmp/annieSearch/training_1/nextag/zoom/6-8x/Canon/by_zoom_6-8x_Canon_1.html',0),(468,'/C:/tmp/annieSearch/training_1/nextag/zoom/6-8x/Canon/by_zoom_6-8x_Canon_10.html',0),(469,'/C:/tmp/annieSearch/training_1/nextag/zoom/6-8x/Canon/by_zoom_6-8x_Canon_11.html',0),(470,'/C:/tmp/annieSearch/training_1/nextag/zoom/6-8x/Canon/by_zoom_6-8x_Canon_12.html',0),(471,'/C:/tmp/annieSearch/training_1/nextag/zoom/6-8x/Canon/by_zoom_6-8x_Canon_13.html',0),(472,'/C:/tmp/annieSearch/training_1/nextag/zoom/6-8x/Canon/by_zoom_6-8x_Canon_14.html',0),(473,'/C:/tmp/annieSearch/training_1/nextag/zoom/6-8x/Canon/by_zoom_6-8x_Canon_15.html',0),(474,'/C:/tmp/annieSearch/training_1/nextag/zoom/6-8x/Canon/by_zoom_6-8x_Canon_16.html',0),(475,'/C:/tmp/annieSearch/training_1/nextag/zoom/6-8x/Canon/by_zoom_6-8x_Canon_17.html',0),(476,'/C:/tmp/annieSearch/training_1/nextag/zoom/6-8x/Canon/by_zoom_6-8x_Canon_18.html',0),(477,'/C:/tmp/annieSearch/training_1/nextag/zoom/6-8x/Canon/by_zoom_6-8x_Canon_19.html',0),(478,'/C:/tmp/annieSearch/training_1/nextag/zoom/6-8x/Canon/by_zoom_6-8x_Canon_2.html',0),(479,'/C:/tmp/annieSearch/training_1/nextag/zoom/6-8x/Canon/by_zoom_6-8x_Canon_20.html',0),(480,'/C:/tmp/annieSearch/training_1/nextag/zoom/6-8x/Canon/by_zoom_6-8x_Canon_21.html',0),(481,'/C:/tmp/annieSearch/training_1/nextag/zoom/6-8x/Canon/by_zoom_6-8x_Canon_22.html',0),(482,'/C:/tmp/annieSearch/training_1/nextag/zoom/6-8x/Canon/by_zoom_6-8x_Canon_23.html',0),(483,'/C:/tmp/annieSearch/training_1/nextag/zoom/6-8x/Canon/by_zoom_6-8x_Canon_3.html',0),(484,'/C:/tmp/annieSearch/training_1/nextag/zoom/6-8x/Canon/by_zoom_6-8x_Canon_4.html',0),(485,'/C:/tmp/annieSearch/training_1/nextag/zoom/6-8x/Canon/by_zoom_6-8x_Canon_5.html',0),(486,'/C:/tmp/annieSearch/training_1/nextag/zoom/6-8x/Canon/by_zoom_6-8x_Canon_6.html',0),(487,'/C:/tmp/annieSearch/training_1/nextag/zoom/6-8x/Canon/by_zoom_6-8x_Canon_7.html',0),(488,'/C:/tmp/annieSearch/training_1/nextag/zoom/6-8x/Canon/by_zoom_6-8x_Canon_8.html',0),(489,'/C:/tmp/annieSearch/training_1/nextag/zoom/6-8x/Canon/by_zoom_6-8x_Canon_9.html',0),(490,'/C:/tmp/annieSearch/training_1/nextag/zoom/6-8x/Casio/by_zoom_6-8x_Casio_1.html',0),(491,'/C:/tmp/annieSearch/training_1/nextag/zoom/6-8x/Casio/by_zoom_6-8x_Casio_10.html',0),(492,'/C:/tmp/annieSearch/training_1/nextag/zoom/6-8x/Casio/by_zoom_6-8x_Casio_11.html',0),(493,'/C:/tmp/annieSearch/training_1/nextag/zoom/6-8x/Casio/by_zoom_6-8x_Casio_12.html',0),(494,'/C:/tmp/annieSearch/training_1/nextag/zoom/6-8x/Casio/by_zoom_6-8x_Casio_13.html',0),(495,'/C:/tmp/annieSearch/training_1/nextag/zoom/6-8x/Casio/by_zoom_6-8x_Casio_14.html',0),(496,'/C:/tmp/annieSearch/training_1/nextag/zoom/6-8x/Casio/by_zoom_6-8x_Casio_15.html',0),(497,'/C:/tmp/annieSearch/training_1/nextag/zoom/6-8x/Casio/by_zoom_6-8x_Casio_16.html',0),(498,'/C:/tmp/annieSearch/training_1/nextag/zoom/6-8x/Casio/by_zoom_6-8x_Casio_17.html',0),(499,'/C:/tmp/annieSearch/training_1/nextag/zoom/6-8x/Casio/by_zoom_6-8x_Casio_18.html',0),(500,'/C:/tmp/annieSearch/training_1/nextag/zoom/6-8x/Casio/by_zoom_6-8x_Casio_2.html',0),(501,'/C:/tmp/annieSearch/training_1/nextag/zoom/6-8x/Casio/by_zoom_6-8x_Casio_3.html',0),(502,'/C:/tmp/annieSearch/training_1/nextag/zoom/6-8x/Casio/by_zoom_6-8x_Casio_4.html',0),(503,'/C:/tmp/annieSearch/training_1/nextag/zoom/6-8x/Casio/by_zoom_6-8x_Casio_5.html',0),(504,'/C:/tmp/annieSearch/training_1/nextag/zoom/6-8x/Casio/by_zoom_6-8x_Casio_6.html',0),(505,'/C:/tmp/annieSearch/training_1/nextag/zoom/6-8x/Casio/by_zoom_6-8x_Casio_7.html',0),(506,'/C:/tmp/annieSearch/training_1/nextag/zoom/6-8x/Casio/by_zoom_6-8x_Casio_8.html',0),(507,'/C:/tmp/annieSearch/training_1/nextag/zoom/6-8x/Casio/by_zoom_6-8x_Casio_9.html',0),(508,'/C:/tmp/annieSearch/training_1/nextag/zoom/6-8x/Panasonic/by_zoom_6-8x_Panasonic_1.html',0),(509,'/C:/tmp/annieSearch/training_1/nextag/zoom/6-8x/Panasonic/by_zoom_6-8x_Panasonic_10.html',0),(510,'/C:/tmp/annieSearch/training_1/nextag/zoom/6-8x/Panasonic/by_zoom_6-8x_Panasonic_11.html',0),(511,'/C:/tmp/annieSearch/training_1/nextag/zoom/6-8x/Panasonic/by_zoom_6-8x_Panasonic_12.html',0),(512,'/C:/tmp/annieSearch/training_1/nextag/zoom/6-8x/Panasonic/by_zoom_6-8x_Panasonic_13.html',0),(513,'/C:/tmp/annieSearch/training_1/nextag/zoom/6-8x/Panasonic/by_zoom_6-8x_Panasonic_14.html',0),(514,'/C:/tmp/annieSearch/training_1/nextag/zoom/6-8x/Panasonic/by_zoom_6-8x_Panasonic_2.html',0),(515,'/C:/tmp/annieSearch/training_1/nextag/zoom/6-8x/Panasonic/by_zoom_6-8x_Panasonic_3.html',0),(516,'/C:/tmp/annieSearch/training_1/nextag/zoom/6-8x/Panasonic/by_zoom_6-8x_Panasonic_4.html',0),(517,'/C:/tmp/annieSearch/training_1/nextag/zoom/6-8x/Panasonic/by_zoom_6-8x_Panasonic_5.html',0),(518,'/C:/tmp/annieSearch/training_1/nextag/zoom/6-8x/Panasonic/by_zoom_6-8x_Panasonic_6.html',0),(519,'/C:/tmp/annieSearch/training_1/nextag/zoom/6-8x/Panasonic/by_zoom_6-8x_Panasonic_7.html',0),(520,'/C:/tmp/annieSearch/training_1/nextag/zoom/6-8x/Panasonic/by_zoom_6-8x_Panasonic_8.html',0),(521,'/C:/tmp/annieSearch/training_1/nextag/zoom/6-8x/Panasonic/by_zoom_6-8x_Panasonic_9.html',0),(522,'/C:/tmp/annieSearch/training_1/nextag/zoom/8x-more/Canon/by_zoom_8x-more_Canon_1.html',0),(523,'/C:/tmp/annieSearch/training_1/nextag/zoom/8x-more/Canon/by_zoom_8x-more_Canon_10.html',0),(524,'/C:/tmp/annieSearch/training_1/nextag/zoom/8x-more/Canon/by_zoom_8x-more_Canon_11.html',0),(525,'/C:/tmp/annieSearch/training_1/nextag/zoom/8x-more/Canon/by_zoom_8x-more_Canon_12.html',0),(526,'/C:/tmp/annieSearch/training_1/nextag/zoom/8x-more/Canon/by_zoom_8x-more_Canon_13.html',0),(527,'/C:/tmp/annieSearch/training_1/nextag/zoom/8x-more/Canon/by_zoom_8x-more_Canon_14.html',0),(528,'/C:/tmp/annieSearch/training_1/nextag/zoom/8x-more/Canon/by_zoom_8x-more_Canon_15.html',0),(529,'/C:/tmp/annieSearch/training_1/nextag/zoom/8x-more/Canon/by_zoom_8x-more_Canon_2.html',0),(530,'/C:/tmp/annieSearch/training_1/nextag/zoom/8x-more/Canon/by_zoom_8x-more_Canon_3.html',0),(531,'/C:/tmp/annieSearch/training_1/nextag/zoom/8x-more/Canon/by_zoom_8x-more_Canon_4.html',0),(532,'/C:/tmp/annieSearch/training_1/nextag/zoom/8x-more/Canon/by_zoom_8x-more_Canon_5.html',0),(533,'/C:/tmp/annieSearch/training_1/nextag/zoom/8x-more/Canon/by_zoom_8x-more_Canon_6.html',0),(534,'/C:/tmp/annieSearch/training_1/nextag/zoom/8x-more/Canon/by_zoom_8x-more_Canon_7.html',0),(535,'/C:/tmp/annieSearch/training_1/nextag/zoom/8x-more/Canon/by_zoom_8x-more_Canon_8.html',0),(536,'/C:/tmp/annieSearch/training_1/nextag/zoom/8x-more/Canon/by_zoom_8x-more_Canon_9.html',0),(537,'/C:/tmp/annieSearch/training_1/nextag/zoom/8x-more/Panasonic/by_zoom_8x-more_Panasonic_1.html',0),(538,'/C:/tmp/annieSearch/training_1/nextag/zoom/8x-more/Panasonic/by_zoom_8x-more_Panasonic_10.html',0),(539,'/C:/tmp/annieSearch/training_1/nextag/zoom/8x-more/Panasonic/by_zoom_8x-more_Panasonic_11.html',0),(540,'/C:/tmp/annieSearch/training_1/nextag/zoom/8x-more/Panasonic/by_zoom_8x-more_Panasonic_12.html',0),(541,'/C:/tmp/annieSearch/training_1/nextag/zoom/8x-more/Panasonic/by_zoom_8x-more_Panasonic_13.html',0),(542,'/C:/tmp/annieSearch/training_1/nextag/zoom/8x-more/Panasonic/by_zoom_8x-more_Panasonic_14.html',0),(543,'/C:/tmp/annieSearch/training_1/nextag/zoom/8x-more/Panasonic/by_zoom_8x-more_Panasonic_15.html',0),(544,'/C:/tmp/annieSearch/training_1/nextag/zoom/8x-more/Panasonic/by_zoom_8x-more_Panasonic_16.html',0),(545,'/C:/tmp/annieSearch/training_1/nextag/zoom/8x-more/Panasonic/by_zoom_8x-more_Panasonic_17.html',0),(546,'/C:/tmp/annieSearch/training_1/nextag/zoom/8x-more/Panasonic/by_zoom_8x-more_Panasonic_18.html',0),(547,'/C:/tmp/annieSearch/training_1/nextag/zoom/8x-more/Panasonic/by_zoom_8x-more_Panasonic_19.html',0),(548,'/C:/tmp/annieSearch/training_1/nextag/zoom/8x-more/Panasonic/by_zoom_8x-more_Panasonic_2.html',0),(549,'/C:/tmp/annieSearch/training_1/nextag/zoom/8x-more/Panasonic/by_zoom_8x-more_Panasonic_20.html',0),(550,'/C:/tmp/annieSearch/training_1/nextag/zoom/8x-more/Panasonic/by_zoom_8x-more_Panasonic_3.html',0),(551,'/C:/tmp/annieSearch/training_1/nextag/zoom/8x-more/Panasonic/by_zoom_8x-more_Panasonic_4.html',0),(552,'/C:/tmp/annieSearch/training_1/nextag/zoom/8x-more/Panasonic/by_zoom_8x-more_Panasonic_5.html',0),(553,'/C:/tmp/annieSearch/training_1/nextag/zoom/8x-more/Panasonic/by_zoom_8x-more_Panasonic_6.html',0),(554,'/C:/tmp/annieSearch/training_1/nextag/zoom/8x-more/Panasonic/by_zoom_8x-more_Panasonic_7.html',0),(555,'/C:/tmp/annieSearch/training_1/nextag/zoom/8x-more/Panasonic/by_zoom_8x-more_Panasonic_8.html',0),(556,'/C:/tmp/annieSearch/training_1/nextag/zoom/8x-more/Panasonic/by_zoom_8x-more_Panasonic_9.html',0),(557,'/C:/tmp/annieSearch/training_1/non_relevant_canon_related/canon_camera_non_relevant_1.html',0),(558,'/C:/tmp/annieSearch/training_1/non_relevant_canon_related/canon_camera_non_relevant_10.html',0),(559,'/C:/tmp/annieSearch/training_1/non_relevant_canon_related/canon_camera_non_relevant_11.html',0),(560,'/C:/tmp/annieSearch/training_1/non_relevant_canon_related/canon_camera_non_relevant_12.html',0),(561,'/C:/tmp/annieSearch/training_1/non_relevant_canon_related/canon_camera_non_relevant_13.html',0),(562,'/C:/tmp/annieSearch/training_1/non_relevant_canon_related/canon_camera_non_relevant_14.html',0),(563,'/C:/tmp/annieSearch/training_1/non_relevant_canon_related/canon_camera_non_relevant_15.html',0),(564,'/C:/tmp/annieSearch/training_1/non_relevant_canon_related/canon_camera_non_relevant_16.html',0),(565,'/C:/tmp/annieSearch/training_1/non_relevant_canon_related/canon_camera_non_relevant_17.html',0),(566,'/C:/tmp/annieSearch/training_1/non_relevant_canon_related/canon_camera_non_relevant_2.html',0),(567,'/C:/tmp/annieSearch/training_1/non_relevant_canon_related/canon_camera_non_relevant_3.html',0),(568,'/C:/tmp/annieSearch/training_1/non_relevant_canon_related/canon_camera_non_relevant_4.html',0),(569,'/C:/tmp/annieSearch/training_1/non_relevant_canon_related/canon_camera_non_relevant_5.html',0),(570,'/C:/tmp/annieSearch/training_1/non_relevant_canon_related/canon_camera_non_relevant_6.html',0),(571,'/C:/tmp/annieSearch/training_1/non_relevant_canon_related/canon_camera_non_relevant_7.html',0),(572,'/C:/tmp/annieSearch/training_1/non_relevant_canon_related/canon_camera_non_relevant_8.html',0),(573,'/C:/tmp/annieSearch/training_1/non_relevant_canon_related/canon_camera_non_relevant_9.html',0),(574,'/C:/tmp/annieSearch/training_1/non_relevant_other_brands/by_mp_9-more_Nikon_1.html',0),(575,'/C:/tmp/annieSearch/training_1/non_relevant_other_brands/by_mp_9-more_Nikon_10.html',0),(576,'/C:/tmp/annieSearch/training_1/non_relevant_other_brands/by_mp_9-more_Nikon_2.html',0),(577,'/C:/tmp/annieSearch/training_1/non_relevant_other_brands/by_mp_9-more_Nikon_3.html',0),(578,'/C:/tmp/annieSearch/training_1/non_relevant_other_brands/by_mp_9-more_Nikon_4.html',0),(579,'/C:/tmp/annieSearch/training_1/non_relevant_other_brands/by_mp_9-more_Nikon_5.html',0),(580,'/C:/tmp/annieSearch/training_1/non_relevant_other_brands/by_mp_9-more_Nikon_6.html',0),(581,'/C:/tmp/annieSearch/training_1/non_relevant_other_brands/by_mp_9-more_Nikon_7.html',0),(582,'/C:/tmp/annieSearch/training_1/non_relevant_other_brands/by_mp_9-more_Nikon_8.html',0),(583,'/C:/tmp/annieSearch/training_1/non_relevant_other_brands/by_mp_9-more_Nikon_9.html',0),(584,'/C:/tmp/annieSearch/training_1/non_relevant_other_brands/by_mp_9-more_Olympus_1.html',0),(585,'/C:/tmp/annieSearch/training_1/non_relevant_other_brands/by_mp_9-more_Olympus_10.html',0),(586,'/C:/tmp/annieSearch/training_1/non_relevant_other_brands/by_mp_9-more_Olympus_2.html',0),(587,'/C:/tmp/annieSearch/training_1/non_relevant_other_brands/by_mp_9-more_Olympus_3.html',0),(588,'/C:/tmp/annieSearch/training_1/non_relevant_other_brands/by_mp_9-more_Olympus_4.html',0),(589,'/C:/tmp/annieSearch/training_1/non_relevant_other_brands/by_mp_9-more_Olympus_5.html',0),(590,'/C:/tmp/annieSearch/training_1/non_relevant_other_brands/by_mp_9-more_Olympus_6.html',0),(591,'/C:/tmp/annieSearch/training_1/non_relevant_other_brands/by_mp_9-more_Olympus_7.html',0),(592,'/C:/tmp/annieSearch/training_1/non_relevant_other_brands/by_mp_9-more_Olympus_8.html',0),(593,'/C:/tmp/annieSearch/training_1/non_relevant_other_brands/by_mp_9-more_Olympus_9.html',0),(594,'/C:/tmp/annieSearch/training_1/non_relevant_other_brands/relevant_other_brands_1.html',0),(595,'/C:/tmp/annieSearch/training_1/non_relevant_other_brands/relevant_other_brands_10.html',0),(596,'/C:/tmp/annieSearch/training_1/non_relevant_other_brands/relevant_other_brands_11.html',0),(597,'/C:/tmp/annieSearch/training_1/non_relevant_other_brands/relevant_other_brands_12.html',0),(598,'/C:/tmp/annieSearch/training_1/non_relevant_other_brands/relevant_other_brands_13.html',0),(599,'/C:/tmp/annieSearch/training_1/non_relevant_other_brands/relevant_other_brands_14.html',0),(600,'/C:/tmp/annieSearch/training_1/non_relevant_other_brands/relevant_other_brands_15.html',0),(601,'/C:/tmp/annieSearch/training_1/non_relevant_other_brands/relevant_other_brands_16.html',0),(602,'/C:/tmp/annieSearch/training_1/non_relevant_other_brands/relevant_other_brands_17.html',0),(603,'/C:/tmp/annieSearch/training_1/non_relevant_other_brands/relevant_other_brands_18.html',0),(604,'/C:/tmp/annieSearch/training_1/non_relevant_other_brands/relevant_other_brands_19.html',0),(605,'/C:/tmp/annieSearch/training_1/non_relevant_other_brands/relevant_other_brands_2.html',0),(606,'/C:/tmp/annieSearch/training_1/non_relevant_other_brands/relevant_other_brands_20.html',0),(607,'/C:/tmp/annieSearch/training_1/non_relevant_other_brands/relevant_other_brands_3.html',0),(608,'/C:/tmp/annieSearch/training_1/non_relevant_other_brands/relevant_other_brands_4.html',0),(609,'/C:/tmp/annieSearch/training_1/non_relevant_other_brands/relevant_other_brands_5.html',0),(610,'/C:/tmp/annieSearch/training_1/non_relevant_other_brands/relevant_other_brands_6.html',0),(611,'/C:/tmp/annieSearch/training_1/non_relevant_other_brands/relevant_other_brands_7.html',0),(612,'/C:/tmp/annieSearch/training_1/non_relevant_other_brands/relevant_other_brands_8.html',0),(613,'/C:/tmp/annieSearch/training_1/non_relevant_other_brands/relevant_other_brands_9.html',0),(614,'/C:/tmp/annieSearch/training_1/non_relevant_shopping_related/non_relevant_shopping_1.html',0),(615,'/C:/tmp/annieSearch/training_1/non_relevant_shopping_related/non_relevant_shopping_10.html',0),(616,'/C:/tmp/annieSearch/training_1/non_relevant_shopping_related/non_relevant_shopping_100.html',0),(617,'/C:/tmp/annieSearch/training_1/non_relevant_shopping_related/non_relevant_shopping_11.html',0),(618,'/C:/tmp/annieSearch/training_1/non_relevant_shopping_related/non_relevant_shopping_12.html',0),(619,'/C:/tmp/annieSearch/training_1/non_relevant_shopping_related/non_relevant_shopping_13.html',0),(620,'/C:/tmp/annieSearch/training_1/non_relevant_shopping_related/non_relevant_shopping_14.html',0),(621,'/C:/tmp/annieSearch/training_1/non_relevant_shopping_related/non_relevant_shopping_15.html',0),(622,'/C:/tmp/annieSearch/training_1/non_relevant_shopping_related/non_relevant_shopping_16.html',0),(623,'/C:/tmp/annieSearch/training_1/non_relevant_shopping_related/non_relevant_shopping_17.html',0),(624,'/C:/tmp/annieSearch/training_1/non_relevant_shopping_related/non_relevant_shopping_18.html',0),(625,'/C:/tmp/annieSearch/training_1/non_relevant_shopping_related/non_relevant_shopping_19.html',0),(626,'/C:/tmp/annieSearch/training_1/non_relevant_shopping_related/non_relevant_shopping_2.html',0),(627,'/C:/tmp/annieSearch/training_1/non_relevant_shopping_related/non_relevant_shopping_20.html',0),(628,'/C:/tmp/annieSearch/training_1/non_relevant_shopping_related/non_relevant_shopping_21.html',0),(629,'/C:/tmp/annieSearch/training_1/non_relevant_shopping_related/non_relevant_shopping_22.html',0),(630,'/C:/tmp/annieSearch/training_1/non_relevant_shopping_related/non_relevant_shopping_23.html',0),(631,'/C:/tmp/annieSearch/training_1/non_relevant_shopping_related/non_relevant_shopping_24.html',0),(632,'/C:/tmp/annieSearch/training_1/non_relevant_shopping_related/non_relevant_shopping_25.html',0),(633,'/C:/tmp/annieSearch/training_1/non_relevant_shopping_related/non_relevant_shopping_26.html',0),(634,'/C:/tmp/annieSearch/training_1/non_relevant_shopping_related/non_relevant_shopping_27.html',0),(635,'/C:/tmp/annieSearch/training_1/non_relevant_shopping_related/non_relevant_shopping_28.html',0),(636,'/C:/tmp/annieSearch/training_1/non_relevant_shopping_related/non_relevant_shopping_29.html',0),(637,'/C:/tmp/annieSearch/training_1/non_relevant_shopping_related/non_relevant_shopping_3.html',0),(638,'/C:/tmp/annieSearch/training_1/non_relevant_shopping_related/non_relevant_shopping_30.html',0),(639,'/C:/tmp/annieSearch/training_1/non_relevant_shopping_related/non_relevant_shopping_31.html',0),(640,'/C:/tmp/annieSearch/training_1/non_relevant_shopping_related/non_relevant_shopping_32.html',0),(641,'/C:/tmp/annieSearch/training_1/non_relevant_shopping_related/non_relevant_shopping_33.html',0),(642,'/C:/tmp/annieSearch/training_1/non_relevant_shopping_related/non_relevant_shopping_34.html',0),(643,'/C:/tmp/annieSearch/training_1/non_relevant_shopping_related/non_relevant_shopping_35.html',0),(644,'/C:/tmp/annieSearch/training_1/non_relevant_shopping_related/non_relevant_shopping_36.html',0),(645,'/C:/tmp/annieSearch/training_1/non_relevant_shopping_related/non_relevant_shopping_37.html',0),(646,'/C:/tmp/annieSearch/training_1/non_relevant_shopping_related/non_relevant_shopping_38.html',0),(647,'/C:/tmp/annieSearch/training_1/non_relevant_shopping_related/non_relevant_shopping_39.html',0),(648,'/C:/tmp/annieSearch/training_1/non_relevant_shopping_related/non_relevant_shopping_4.html',0),(649,'/C:/tmp/annieSearch/training_1/non_relevant_shopping_related/non_relevant_shopping_40.html',0),(650,'/C:/tmp/annieSearch/training_1/non_relevant_shopping_related/non_relevant_shopping_41.html',0),(651,'/C:/tmp/annieSearch/training_1/non_relevant_shopping_related/non_relevant_shopping_42.html',0),(652,'/C:/tmp/annieSearch/training_1/non_relevant_shopping_related/non_relevant_shopping_43.html',0),(653,'/C:/tmp/annieSearch/training_1/non_relevant_shopping_related/non_relevant_shopping_44.html',0),(654,'/C:/tmp/annieSearch/training_1/non_relevant_shopping_related/non_relevant_shopping_45.html',0),(655,'/C:/tmp/annieSearch/training_1/non_relevant_shopping_related/non_relevant_shopping_46.html',0),(656,'/C:/tmp/annieSearch/training_1/non_relevant_shopping_related/non_relevant_shopping_47.html',0),(657,'/C:/tmp/annieSearch/training_1/non_relevant_shopping_related/non_relevant_shopping_48.html',0),(658,'/C:/tmp/annieSearch/training_1/non_relevant_shopping_related/non_relevant_shopping_49.html',0),(659,'/C:/tmp/annieSearch/training_1/non_relevant_shopping_related/non_relevant_shopping_5.html',0),(660,'/C:/tmp/annieSearch/training_1/non_relevant_shopping_related/non_relevant_shopping_50.html',0),(661,'/C:/tmp/annieSearch/training_1/non_relevant_shopping_related/non_relevant_shopping_51.html',0),(662,'/C:/tmp/annieSearch/training_1/non_relevant_shopping_related/non_relevant_shopping_52.html',0),(663,'/C:/tmp/annieSearch/training_1/non_relevant_shopping_related/non_relevant_shopping_53.html',0),(664,'/C:/tmp/annieSearch/training_1/non_relevant_shopping_related/non_relevant_shopping_54.html',0),(665,'/C:/tmp/annieSearch/training_1/non_relevant_shopping_related/non_relevant_shopping_55.html',0),(666,'/C:/tmp/annieSearch/training_1/non_relevant_shopping_related/non_relevant_shopping_56.html',0),(667,'/C:/tmp/annieSearch/training_1/non_relevant_shopping_related/non_relevant_shopping_57.html',0),(668,'/C:/tmp/annieSearch/training_1/non_relevant_shopping_related/non_relevant_shopping_58.html',0),(669,'/C:/tmp/annieSearch/training_1/non_relevant_shopping_related/non_relevant_shopping_59.html',0),(670,'/C:/tmp/annieSearch/training_1/non_relevant_shopping_related/non_relevant_shopping_6.html',0),(671,'/C:/tmp/annieSearch/training_1/non_relevant_shopping_related/non_relevant_shopping_60.html',0),(672,'/C:/tmp/annieSearch/training_1/non_relevant_shopping_related/non_relevant_shopping_61.html',0),(673,'/C:/tmp/annieSearch/training_1/non_relevant_shopping_related/non_relevant_shopping_62.html',0),(674,'/C:/tmp/annieSearch/training_1/non_relevant_shopping_related/non_relevant_shopping_63.html',0),(675,'/C:/tmp/annieSearch/training_1/non_relevant_shopping_related/non_relevant_shopping_64.html',0),(676,'/C:/tmp/annieSearch/training_1/non_relevant_shopping_related/non_relevant_shopping_65.html',0),(677,'/C:/tmp/annieSearch/training_1/non_relevant_shopping_related/non_relevant_shopping_66.html',0),(678,'/C:/tmp/annieSearch/training_1/non_relevant_shopping_related/non_relevant_shopping_67.html',0),(679,'/C:/tmp/annieSearch/training_1/non_relevant_shopping_related/non_relevant_shopping_68.html',0),(680,'/C:/tmp/annieSearch/training_1/non_relevant_shopping_related/non_relevant_shopping_69.html',0),(681,'/C:/tmp/annieSearch/training_1/non_relevant_shopping_related/non_relevant_shopping_7.html',0),(682,'/C:/tmp/annieSearch/training_1/non_relevant_shopping_related/non_relevant_shopping_70.html',0),(683,'/C:/tmp/annieSearch/training_1/non_relevant_shopping_related/non_relevant_shopping_71.html',0),(684,'/C:/tmp/annieSearch/training_1/non_relevant_shopping_related/non_relevant_shopping_72.html',0),(685,'/C:/tmp/annieSearch/training_1/non_relevant_shopping_related/non_relevant_shopping_73.html',0),(686,'/C:/tmp/annieSearch/training_1/non_relevant_shopping_related/non_relevant_shopping_74.html',0),(687,'/C:/tmp/annieSearch/training_1/non_relevant_shopping_related/non_relevant_shopping_75.html',0),(688,'/C:/tmp/annieSearch/training_1/non_relevant_shopping_related/non_relevant_shopping_76.html',0),(689,'/C:/tmp/annieSearch/training_1/non_relevant_shopping_related/non_relevant_shopping_77.html',0),(690,'/C:/tmp/annieSearch/training_1/non_relevant_shopping_related/non_relevant_shopping_78.html',0),(691,'/C:/tmp/annieSearch/training_1/non_relevant_shopping_related/non_relevant_shopping_79.html',0),(692,'/C:/tmp/annieSearch/training_1/non_relevant_shopping_related/non_relevant_shopping_8.html',0),(693,'/C:/tmp/annieSearch/training_1/non_relevant_shopping_related/non_relevant_shopping_80.html',0),(694,'/C:/tmp/annieSearch/training_1/non_relevant_shopping_related/non_relevant_shopping_81.html',0),(695,'/C:/tmp/annieSearch/training_1/non_relevant_shopping_related/non_relevant_shopping_82.html',0),(696,'/C:/tmp/annieSearch/training_1/non_relevant_shopping_related/non_relevant_shopping_83.html',0),(697,'/C:/tmp/annieSearch/training_1/non_relevant_shopping_related/non_relevant_shopping_84.html',0),(698,'/C:/tmp/annieSearch/training_1/non_relevant_shopping_related/non_relevant_shopping_85.html',0),(699,'/C:/tmp/annieSearch/training_1/non_relevant_shopping_related/non_relevant_shopping_86.html',0),(700,'/C:/tmp/annieSearch/training_1/non_relevant_shopping_related/non_relevant_shopping_87.html',0),(701,'/C:/tmp/annieSearch/training_1/non_relevant_shopping_related/non_relevant_shopping_88.html',0),(702,'/C:/tmp/annieSearch/training_1/non_relevant_shopping_related/non_relevant_shopping_89.html',0),(703,'/C:/tmp/annieSearch/training_1/non_relevant_shopping_related/non_relevant_shopping_9.html',0),(704,'/C:/tmp/annieSearch/training_1/non_relevant_shopping_related/non_relevant_shopping_90.html',0),(705,'/C:/tmp/annieSearch/training_1/non_relevant_shopping_related/non_relevant_shopping_91.html',0),(706,'/C:/tmp/annieSearch/training_1/non_relevant_shopping_related/non_relevant_shopping_92.html',0),(707,'/C:/tmp/annieSearch/training_1/non_relevant_shopping_related/non_relevant_shopping_93.html',0),(708,'/C:/tmp/annieSearch/training_1/non_relevant_shopping_related/non_relevant_shopping_94.html',0),(709,'/C:/tmp/annieSearch/training_1/non_relevant_shopping_related/non_relevant_shopping_95.html',0),(710,'/C:/tmp/annieSearch/training_1/non_relevant_shopping_related/non_relevant_shopping_96.html',0),(711,'/C:/tmp/annieSearch/training_1/non_relevant_shopping_related/non_relevant_shopping_97.html',0),(712,'/C:/tmp/annieSearch/training_1/non_relevant_shopping_related/non_relevant_shopping_98.html',0),(713,'/C:/tmp/annieSearch/training_1/non_relevant_shopping_related/non_relevant_shopping_99.html',0),(714,'/C:/tmp/annieSearch/training_1/relevant_other_brands/Nikon/by_mp_9-more_Nikon_1.html',0),(715,'/C:/tmp/annieSearch/training_1/relevant_other_brands/Nikon/by_mp_9-more_Nikon_10.html',0),(716,'/C:/tmp/annieSearch/training_1/relevant_other_brands/Nikon/by_mp_9-more_Nikon_2.html',0),(717,'/C:/tmp/annieSearch/training_1/relevant_other_brands/Nikon/by_mp_9-more_Nikon_3.html',0),(718,'/C:/tmp/annieSearch/training_1/relevant_other_brands/Nikon/by_mp_9-more_Nikon_4.html',0),(719,'/C:/tmp/annieSearch/training_1/relevant_other_brands/Nikon/by_mp_9-more_Nikon_5.html',0),(720,'/C:/tmp/annieSearch/training_1/relevant_other_brands/Nikon/by_mp_9-more_Nikon_6.html',0),(721,'/C:/tmp/annieSearch/training_1/relevant_other_brands/Nikon/by_mp_9-more_Nikon_7.html',0),(722,'/C:/tmp/annieSearch/training_1/relevant_other_brands/Nikon/by_mp_9-more_Nikon_8.html',0),(723,'/C:/tmp/annieSearch/training_1/relevant_other_brands/Nikon/by_mp_9-more_Nikon_9.html',0),(724,'/C:/tmp/annieSearch/training_1/relevant_other_brands/Olympus/by_mp_9-more_Olympus_1.html',0),(725,'/C:/tmp/annieSearch/training_1/relevant_other_brands/Olympus/by_mp_9-more_Olympus_10.html',0),(726,'/C:/tmp/annieSearch/training_1/relevant_other_brands/Olympus/by_mp_9-more_Olympus_2.html',0),(727,'/C:/tmp/annieSearch/training_1/relevant_other_brands/Olympus/by_mp_9-more_Olympus_3.html',0),(728,'/C:/tmp/annieSearch/training_1/relevant_other_brands/Olympus/by_mp_9-more_Olympus_4.html',0),(729,'/C:/tmp/annieSearch/training_1/relevant_other_brands/Olympus/by_mp_9-more_Olympus_5.html',0),(730,'/C:/tmp/annieSearch/training_1/relevant_other_brands/Olympus/by_mp_9-more_Olympus_6.html',0),(731,'/C:/tmp/annieSearch/training_1/relevant_other_brands/Olympus/by_mp_9-more_Olympus_7.html',0),(732,'/C:/tmp/annieSearch/training_1/relevant_other_brands/Olympus/by_mp_9-more_Olympus_8.html',0),(733,'/C:/tmp/annieSearch/training_1/relevant_other_brands/Olympus/by_mp_9-more_Olympus_9.html',0),(734,'/C:/tmp/annieSearch/training_1/relevant_other_brands/Panasonic/by_mp_0-4_Panasonic_1.html',0),(735,'/C:/tmp/annieSearch/training_1/relevant_other_brands/Panasonic/by_mp_0-4_Panasonic_2.html',0),(736,'/C:/tmp/annieSearch/training_1/relevant_other_brands/Panasonic/by_mp_0-4_Panasonic_3.html',0),(737,'/C:/tmp/annieSearch/training_1/relevant_other_brands/Panasonic/by_mp_0-4_Panasonic_4.html',0),(738,'/C:/tmp/annieSearch/training_1/relevant_other_brands/Panasonic/by_mp_0-4_Panasonic_5.html',0),(739,'/C:/tmp/annieSearch/training_1/relevant_other_brands/Samsung/by_mp_8-9_Samsung_1.html',0),(740,'/C:/tmp/annieSearch/training_1/relevant_other_brands/Samsung/by_mp_8-9_Samsung_10.html',0),(741,'/C:/tmp/annieSearch/training_1/relevant_other_brands/Samsung/by_mp_8-9_Samsung_11.html',0),(742,'/C:/tmp/annieSearch/training_1/relevant_other_brands/Samsung/by_mp_8-9_Samsung_2.html',0),(743,'/C:/tmp/annieSearch/training_1/relevant_other_brands/Samsung/by_mp_8-9_Samsung_3.html',0),(744,'/C:/tmp/annieSearch/training_1/relevant_other_brands/Samsung/by_mp_8-9_Samsung_4.html',0),(745,'/C:/tmp/annieSearch/training_1/relevant_other_brands/Samsung/by_mp_8-9_Samsung_5.html',0),(746,'/C:/tmp/annieSearch/training_1/relevant_other_brands/Samsung/by_mp_8-9_Samsung_6.html',0),(747,'/C:/tmp/annieSearch/training_1/relevant_other_brands/Samsung/by_mp_8-9_Samsung_7.html',0),(748,'/C:/tmp/annieSearch/training_1/relevant_other_brands/Samsung/by_mp_8-9_Samsung_8.html',0),(749,'/C:/tmp/annieSearch/training_1/relevant_other_brands/Samsung/by_mp_8-9_Samsung_9.html',0);

UNLOCK TABLES;

/*Table structure for table `Feedback` */

DROP TABLE IF EXISTS `Feedback`;

CREATE TABLE `Feedback` (
  `QueryId` int(11) NOT NULL,
  `DocId` int(11) NOT NULL,
  `IndexId` int(11) default NULL,
  `Relevant` tinyint(1) default NULL,
  `Timestamp` timestamp NOT NULL default CURRENT_TIMESTAMP on update CURRENT_TIMESTAMP,
  PRIMARY KEY  (`QueryId`,`DocId`)
) ENGINE=InnoDB DEFAULT CHARSET=utf8;

/*Data for the table `Feedback` */

LOCK TABLES `Feedback` WRITE;

insert into `Feedback` (`QueryId`,`DocId`,`IndexId`,`Relevant`,`Timestamp`) values (0,2,2,0,'2008-02-26 23:50:07'),(0,4,2,0,'2008-02-26 23:50:07'),(0,6,0,1,'2008-02-26 15:04:48'),(0,7,0,0,'2008-02-26 23:50:07'),(0,11,2,0,'2008-02-26 23:50:07'),(0,12,0,0,'2008-02-26 23:50:07'),(0,13,2,0,'2008-02-26 23:50:07'),(0,14,2,1,'2008-02-26 23:50:07'),(0,15,2,0,'2008-02-26 23:50:07'),(0,16,2,0,'2008-02-26 23:50:07'),(0,17,2,0,'2008-02-26 23:50:07'),(0,20,0,0,'2008-02-26 15:04:48'),(0,30,0,1,'2008-02-26 15:04:48'),(0,36,0,1,'2008-02-26 15:04:48'),(0,41,0,0,'2008-02-26 15:04:48'),(0,43,0,0,'2008-02-26 15:04:48'),(0,44,0,1,'2008-02-26 15:04:48'),(0,49,0,1,'2008-02-26 15:04:48'),(0,55,0,0,'2008-02-26 15:04:48'),(0,58,0,0,'2008-02-26 15:04:48'),(0,60,0,1,'2008-02-26 15:04:48'),(0,63,0,1,'2008-02-26 15:04:48'),(0,65,0,0,'2008-02-26 15:04:48'),(0,68,0,0,'2008-02-26 15:04:48'),(0,85,0,1,'2008-02-26 15:04:48'),(0,87,0,1,'2008-02-26 15:04:48'),(0,88,0,1,'2008-02-26 15:04:48'),(0,89,0,1,'2008-02-26 15:04:48'),(0,90,0,1,'2008-02-26 15:04:48'),(0,91,0,1,'2008-02-26 15:04:48'),(0,92,0,1,'2008-02-26 15:04:48'),(0,93,0,1,'2008-02-26 15:04:48'),(0,94,0,1,'2008-02-26 15:04:48'),(0,102,0,0,'2008-02-26 15:04:48'),(0,144,0,0,'2008-02-26 15:04:48'),(0,149,0,0,'2008-02-26 15:04:48'),(0,158,0,0,'2008-02-26 15:04:48'),(0,168,0,0,'2008-02-26 15:04:48'),(0,187,0,0,'2008-02-26 15:04:48'),(0,193,0,0,'2008-02-26 15:04:48'),(0,220,0,0,'2008-02-26 15:04:48'),(0,230,0,0,'2008-02-26 15:04:48'),(0,232,0,0,'2008-02-26 15:04:48'),(0,233,0,0,'2008-02-26 15:04:48'),(0,243,0,0,'2008-02-26 15:04:48'),(0,250,0,0,'2008-02-26 15:04:48'),(0,261,0,0,'2008-02-26 15:04:48'),(0,269,0,1,'2008-02-26 15:04:48'),(0,280,0,0,'2008-02-26 15:04:48'),(0,282,0,0,'2008-02-26 15:04:48'),(0,302,0,0,'2008-02-26 15:04:48'),(0,322,0,0,'2008-02-26 15:04:48'),(0,323,0,0,'2008-02-26 15:04:48'),(0,329,0,0,'2008-02-26 15:04:48'),(0,340,0,0,'2008-02-26 15:04:48'),(0,362,0,0,'2008-02-26 15:04:48'),(0,363,0,0,'2008-02-26 15:04:48'),(0,364,0,0,'2008-02-26 15:04:48'),(0,365,0,0,'2008-02-26 15:04:48'),(0,366,0,0,'2008-02-26 15:04:48'),(0,367,0,0,'2008-02-26 15:04:48'),(0,368,0,0,'2008-02-26 15:04:48'),(0,369,0,0,'2008-02-26 15:04:48'),(0,370,0,0,'2008-02-26 15:04:48'),(0,371,0,0,'2008-02-26 15:04:48'),(0,372,0,0,'2008-02-26 15:04:48'),(0,373,0,0,'2008-02-26 15:04:48'),(0,374,0,0,'2008-02-26 15:04:48'),(0,375,0,0,'2008-02-26 15:04:48'),(0,376,0,1,'2008-02-26 15:04:48'),(0,377,0,1,'2008-02-26 15:04:48'),(0,378,0,1,'2008-02-26 15:04:48'),(0,379,0,0,'2008-02-26 15:04:48'),(0,380,0,0,'2008-02-26 15:04:48'),(0,381,0,0,'2008-02-26 15:04:48'),(0,382,0,0,'2008-02-26 15:04:48'),(0,383,0,0,'2008-02-26 15:04:48'),(0,384,0,0,'2008-02-26 15:04:48'),(0,385,0,0,'2008-02-26 15:04:48'),(0,386,0,0,'2008-02-26 15:04:48'),(0,387,0,0,'2008-02-26 15:04:48'),(0,388,0,0,'2008-02-26 15:04:48'),(0,389,0,0,'2008-02-26 15:04:48'),(0,390,0,0,'2008-02-26 15:04:48'),(0,391,0,0,'2008-02-26 15:04:48'),(0,392,0,0,'2008-02-26 15:04:48'),(0,393,0,0,'2008-02-26 15:04:48'),(0,394,0,0,'2008-02-26 15:04:48'),(0,395,0,0,'2008-02-26 15:04:48'),(0,396,0,0,'2008-02-26 15:04:48'),(0,397,0,0,'2008-02-26 15:04:48'),(0,398,0,0,'2008-02-26 15:04:48'),(0,399,0,0,'2008-02-26 15:04:48'),(0,400,0,0,'2008-02-26 15:04:48'),(0,401,0,0,'2008-02-26 15:04:48'),(0,402,0,0,'2008-02-26 15:04:48'),(0,403,0,0,'2008-02-26 15:04:48'),(0,404,0,0,'2008-02-26 15:04:48'),(0,405,0,0,'2008-02-26 15:04:48'),(0,406,0,0,'2008-02-26 15:04:48'),(0,407,0,0,'2008-02-26 15:04:48'),(0,408,0,0,'2008-02-26 15:04:48'),(0,409,0,0,'2008-02-26 15:04:48'),(0,410,0,0,'2008-02-26 15:04:48'),(0,411,0,0,'2008-02-26 15:04:48'),(0,412,0,0,'2008-02-26 15:04:48'),(0,413,0,0,'2008-02-26 15:04:48'),(0,414,0,1,'2008-02-26 15:04:48'),(0,415,0,0,'2008-02-26 15:04:48'),(0,417,0,0,'2008-02-26 15:04:48'),(0,418,0,0,'2008-02-26 15:04:48'),(0,430,0,0,'2008-02-26 15:04:48'),(0,431,0,0,'2008-02-26 15:04:48'),(0,474,0,0,'2008-02-26 15:04:48'),(0,562,0,0,'2008-02-26 15:04:48'),(0,569,0,0,'2008-02-26 15:04:48'),(0,583,0,0,'2008-02-26 15:04:48'),(0,585,0,0,'2008-02-26 15:04:48'),(0,586,0,0,'2008-02-26 15:04:48'),(0,594,0,0,'2008-02-26 15:04:48'),(0,595,0,0,'2008-02-26 15:04:48'),(0,597,0,0,'2008-02-26 15:04:48'),(0,598,0,0,'2008-02-26 15:04:48'),(0,600,0,0,'2008-02-26 15:04:48'),(0,606,0,0,'2008-02-26 15:04:48'),(0,657,0,0,'2008-02-26 15:04:48'),(0,703,0,0,'2008-02-26 15:04:48'),(0,723,0,0,'2008-02-26 15:04:48'),(0,725,0,0,'2008-02-26 15:04:48'),(0,726,0,0,'2008-02-26 15:04:48'),(1,5,0,1,'2008-02-26 15:04:48'),(1,6,0,1,'2008-02-26 15:04:48'),(1,7,0,0,'2008-02-26 15:04:48'),(1,18,0,0,'2008-02-26 15:04:48'),(1,25,0,0,'2008-02-26 15:04:48'),(1,74,0,0,'2008-02-26 15:04:48'),(1,80,0,0,'2008-02-26 15:04:48'),(1,81,0,0,'2008-02-26 15:04:48'),(1,85,0,1,'2008-02-26 15:04:48'),(1,87,0,1,'2008-02-26 15:04:48'),(1,88,0,1,'2008-02-26 15:04:48'),(1,89,0,1,'2008-02-26 15:04:48'),(1,93,0,1,'2008-02-26 15:04:48'),(1,149,0,0,'2008-02-26 15:04:48'),(1,155,0,0,'2008-02-26 15:04:48'),(1,156,0,0,'2008-02-26 15:04:48'),(1,158,0,0,'2008-02-26 15:04:48'),(1,243,0,0,'2008-02-26 15:04:48'),(1,365,0,0,'2008-02-26 15:04:48'),(1,372,0,0,'2008-02-26 15:04:48'),(1,376,0,1,'2008-02-26 15:04:48'),(1,377,0,1,'2008-02-26 15:04:48'),(1,382,0,0,'2008-02-26 15:04:48'),(1,384,0,0,'2008-02-26 15:04:48'),(1,385,0,0,'2008-02-26 15:04:48'),(1,386,0,0,'2008-02-26 15:04:48'),(1,398,0,0,'2008-02-26 15:04:48'),(1,562,0,0,'2008-02-26 15:04:48'),(1,573,0,0,'2008-02-26 15:04:48'),(1,734,0,0,'2008-02-26 15:04:48'),(1,737,0,0,'2008-02-26 15:04:48'),(2,81,0,0,'2008-02-26 15:04:48'),(2,83,0,0,'2008-02-26 15:04:48'),(2,89,0,0,'2008-02-26 15:04:48'),(2,97,0,0,'2008-02-26 15:04:48'),(2,101,0,0,'2008-02-26 15:04:48'),(2,102,0,0,'2008-02-26 15:04:48'),(2,107,0,1,'2008-02-26 15:04:48'),(2,109,0,1,'2008-02-26 15:04:48'),(2,112,0,1,'2008-02-26 15:04:48'),(2,113,0,1,'2008-02-26 15:04:48'),(2,136,0,0,'2008-02-26 15:04:48'),(2,243,0,1,'2008-02-26 15:04:48'),(2,260,0,0,'2008-02-26 15:04:48'),(2,267,0,1,'2008-02-26 15:04:48'),(2,270,0,1,'2008-02-26 15:04:48'),(2,393,0,0,'2008-02-26 15:04:48'),(2,396,0,0,'2008-02-26 15:04:48'),(2,398,0,0,'2008-02-26 15:04:48'),(2,735,0,0,'2008-02-26 15:04:48'),(2,737,0,0,'2008-02-26 15:04:48'),(3,3,0,1,'2008-02-26 23:57:36'),(3,13,0,1,'2008-02-26 23:58:14'),(3,15,0,1,'2008-02-26 15:04:48'),(3,17,0,1,'2008-02-26 15:04:48'),(3,24,0,1,'2008-02-26 15:04:48'),(3,26,0,1,'2008-02-26 23:58:14'),(3,30,0,1,'2008-02-26 15:04:48'),(3,32,0,1,'2008-02-26 15:04:48'),(3,34,0,1,'2008-02-26 23:57:36'),(3,36,0,1,'2008-02-26 15:04:48'),(3,41,0,1,'2008-02-26 15:04:48'),(3,43,0,1,'2008-02-26 15:04:48'),(3,44,0,1,'2008-02-26 15:04:48'),(3,46,0,0,'2008-02-26 15:04:48'),(3,47,0,1,'2008-02-26 15:04:48'),(3,48,0,1,'2008-02-26 15:04:48'),(3,49,0,1,'2008-02-26 15:04:48'),(3,50,0,1,'2008-02-26 23:58:14'),(3,56,0,1,'2008-02-26 23:58:14'),(3,57,0,1,'2008-02-26 23:58:14'),(3,58,0,1,'2008-02-26 23:57:36'),(3,59,0,1,'2008-02-26 15:04:48'),(3,60,0,1,'2008-02-26 23:57:36'),(3,63,0,1,'2008-02-26 15:04:48'),(3,65,0,1,'2008-02-26 15:04:48'),(3,67,0,1,'2008-02-26 23:57:36'),(3,68,0,1,'2008-02-26 15:04:48'),(3,90,0,1,'2008-02-26 15:04:48'),(3,91,0,1,'2008-02-26 23:58:14'),(3,92,0,1,'2008-02-26 15:04:48'),(3,94,0,1,'2008-02-26 15:04:48'),(3,148,0,1,'2008-02-26 15:04:48'),(3,179,0,1,'2008-02-26 23:58:14'),(3,181,0,1,'2008-02-26 23:57:36'),(3,182,0,1,'2008-02-26 15:04:48'),(3,185,0,1,'2008-02-26 15:04:48'),(3,186,0,1,'2008-02-26 23:58:14'),(3,275,0,0,'2008-02-26 15:04:48'),(3,276,0,1,'2008-02-26 15:04:48'),(3,277,0,1,'2008-02-26 15:04:48'),(3,278,0,1,'2008-02-26 15:04:48'),(3,417,0,1,'2008-02-26 15:04:48'),(3,418,0,1,'2008-02-26 15:04:48'),(3,420,0,1,'2008-02-26 15:04:48'),(3,421,0,1,'2008-02-26 15:04:48'),(3,422,0,1,'2008-02-26 15:04:48'),(3,424,0,1,'2008-02-26 15:04:48'),(3,426,0,1,'2008-02-26 15:04:48'),(3,428,0,1,'2008-02-26 15:04:48'),(3,430,0,1,'2008-02-26 15:04:48'),(3,431,0,1,'2008-02-26 23:57:36'),(3,433,0,1,'2008-02-26 15:04:48'),(3,434,0,1,'2008-02-26 23:58:14'),(3,436,0,1,'2008-02-26 23:57:36'),(3,469,0,1,'2008-02-26 15:04:48'),(3,470,0,1,'2008-02-26 15:04:48'),(3,471,0,1,'2008-02-26 15:04:48'),(3,472,0,1,'2008-02-26 23:57:36'),(3,473,0,1,'2008-02-26 15:04:48'),(3,474,0,1,'2008-02-26 15:04:48'),(3,475,0,1,'2008-02-26 15:04:48'),(3,477,0,1,'2008-02-26 23:57:36'),(3,478,0,1,'2008-02-26 15:04:48'),(3,479,0,1,'2008-02-26 15:04:48'),(3,481,0,1,'2008-02-26 15:04:48'),(3,482,0,1,'2008-02-26 15:04:48'),(3,483,0,1,'2008-02-26 15:04:48'),(3,484,0,1,'2008-02-26 15:04:48'),(3,522,0,1,'2008-02-26 15:04:48'),(3,526,0,1,'2008-02-26 15:04:48'),(3,527,0,1,'2008-02-26 15:04:48'),(3,532,0,1,'2008-02-26 15:04:48'),(3,535,0,0,'2008-02-26 15:04:48'),(3,563,0,1,'2008-02-26 23:58:14'),(3,571,0,0,'2008-02-26 15:04:48'),(4,6,0,0,'2008-02-26 15:04:48'),(4,7,0,0,'2008-02-26 15:04:48'),(4,8,0,0,'2008-02-26 15:04:48'),(4,41,0,0,'2008-02-26 15:04:48'),(4,63,0,0,'2008-02-26 15:04:48'),(4,65,0,0,'2008-02-26 15:04:48'),(4,66,0,0,'2008-02-26 15:04:48'),(4,105,0,1,'2008-02-26 15:04:48'),(4,107,0,1,'2008-02-27 00:01:33'),(4,108,0,1,'2008-02-26 15:04:48'),(4,109,0,1,'2008-02-27 00:01:33'),(4,111,0,1,'2008-02-26 15:04:48'),(4,112,0,1,'2008-02-27 00:01:33'),(4,113,0,1,'2008-02-27 00:01:33'),(4,129,0,0,'2008-02-26 15:04:48'),(4,132,0,0,'2008-02-26 15:04:48'),(4,134,0,1,'2008-02-26 15:04:48'),(4,135,0,1,'2008-02-26 15:04:48'),(4,137,0,0,'2008-02-27 00:01:33'),(4,243,0,1,'2008-02-26 15:04:48'),(4,244,0,1,'2008-02-26 15:04:48'),(4,248,0,1,'2008-02-26 15:04:48'),(4,252,0,1,'2008-02-27 00:01:33'),(4,258,0,0,'2008-02-26 15:04:48'),(4,262,0,0,'2008-02-26 15:04:48'),(4,267,0,1,'2008-02-27 00:01:33'),(4,270,0,1,'2008-02-27 00:01:33'),(4,271,0,0,'2008-02-26 15:04:48'),(4,319,0,0,'2008-02-26 15:04:48'),(4,320,0,0,'2008-02-27 00:01:33'),(4,321,0,0,'2008-02-26 15:04:48'),(4,370,0,0,'2008-02-26 15:04:48'),(4,393,0,0,'2008-02-27 00:01:33'),(4,395,0,1,'2008-02-26 15:04:48'),(4,402,0,0,'2008-02-26 15:04:48'),(4,415,0,0,'2008-02-26 15:04:48'),(4,429,0,0,'2008-02-26 15:04:48'),(4,430,0,0,'2008-02-26 15:04:48'),(4,431,0,0,'2008-02-26 15:04:48'),(4,439,0,0,'2008-02-26 15:04:48'),(4,441,0,0,'2008-02-26 15:04:48'),(5,8,0,0,'2008-02-26 15:04:48'),(5,10,0,0,'2008-02-26 15:04:48'),(5,12,0,1,'2008-02-27 00:08:10'),(5,20,0,1,'2008-02-26 15:04:48'),(5,41,0,1,'2008-02-27 00:08:10'),(5,60,0,0,'2008-02-26 15:04:48'),(5,61,0,1,'2008-02-26 15:04:48'),(5,64,0,1,'2008-02-26 15:04:48'),(5,68,0,1,'2008-02-27 00:08:10'),(5,88,0,0,'2008-02-27 00:08:10'),(5,89,0,0,'2008-02-27 00:08:10'),(5,91,0,0,'2008-02-26 15:04:48'),(5,92,0,0,'2008-02-26 15:04:48'),(5,119,0,1,'2008-02-26 15:04:48'),(5,148,0,0,'2008-02-27 00:05:36'),(5,149,0,0,'2008-02-26 15:04:48'),(5,151,0,1,'2008-02-27 00:08:10'),(5,158,0,1,'2008-02-27 00:08:10'),(5,179,0,1,'2008-02-27 00:05:35'),(5,276,0,1,'2008-02-27 00:05:35'),(5,370,0,1,'2008-02-26 15:04:48'),(5,372,0,0,'2008-02-26 15:04:48'),(5,373,0,1,'2008-02-27 00:05:35'),(5,374,0,1,'2008-02-27 00:05:35'),(5,375,0,1,'2008-02-27 00:08:10'),(5,376,0,1,'2008-02-26 15:04:48'),(5,378,0,1,'2008-02-27 00:05:35'),(5,383,0,1,'2008-02-26 15:04:48'),(5,384,0,1,'2008-02-26 15:04:48'),(5,385,0,0,'2008-02-26 15:04:48'),(5,417,0,1,'2008-02-27 00:05:35'),(5,418,0,0,'2008-02-26 15:04:48'),(5,426,0,1,'2008-02-26 15:04:48'),(5,429,0,1,'2008-02-26 15:04:48'),(5,430,0,1,'2008-02-27 00:05:35'),(5,434,0,1,'2008-02-27 00:08:10'),(5,477,0,0,'2008-02-27 00:05:36'),(5,479,0,0,'2008-02-27 00:05:35'),(5,561,0,0,'2008-02-26 15:04:48'),(5,565,0,0,'2008-02-26 15:04:48'),(5,571,0,0,'2008-02-27 00:08:10');

UNLOCK TABLES;

/*Table structure for table `IndexInfo` */

DROP TABLE IF EXISTS `IndexInfo`;

CREATE TABLE `IndexInfo` (
  `IndexId` int(11) NOT NULL,
  `Source` varchar(255) default NULL,
  `Path` varchar(255) default NULL,
  `Name` varchar(255) default NULL,
  PRIMARY KEY  (`IndexId`)
) ENGINE=InnoDB DEFAULT CHARSET=utf8;

/*Data for the table `IndexInfo` */

LOCK TABLES `IndexInfo` WRITE;

insert into `IndexInfo` (`IndexId`,`Source`,`Path`,`Name`) values (0,'c:\\tmp\\annieSearch\\training_1','D:\\My Documents\\PhD\\Research\\ObjectSearch\\svn\\GATE\\workspace\\data\\output\\index\\vldb2','Small 750 documents'),(1,'test','test','Test Index'),(2,'c:\\tmp\\annieSearch\\training_1','D:\\My Documents\\PhD\\Research\\ObjectSearch\\svn\\GATE\\workspace\\data\\output\\index\\price110_200','price110_200');

UNLOCK TABLES;

/*Table structure for table `QueryInfo` */

DROP TABLE IF EXISTS `QueryInfo`;

CREATE TABLE `QueryInfo` (
  `QueryId` int(11) NOT NULL,
  `QueryString` varchar(1000) default NULL,
  `Description` varchar(255) default NULL,
  PRIMARY KEY  (`QueryId`)
) ENGINE=InnoDB DEFAULT CHARSET=utf8;

/*Data for the table `QueryInfo` */

LOCK TABLES `QueryInfo` WRITE;

insert into `QueryInfo` (`QueryId`,`QueryString`,`Description`) values (0,'BRAND(canon) MEGAPIXEL(_range(4,6)) PRICE() ZOOM(_range(0,4))','canon 4..6mp 0..4zoom'),(1,'BRAND(canon) PRICE() MEGAPIXEL(_range(0,6)) ZOOM(_range(2,3)) ','canon 0..6mp 2..3zoom'),(2,'BRAND(nikon) PRICE() MEGAPIXEL(_range(0,6)) ZOOM(_range(2,3)) ','nikon 0..6mp 2..3zoom'),(3,'BRAND(canon) PRICE() MEGAPIXEL(_range(5,10000)) ZOOM(_range(4,10)) ','canon 5+mp 4..10zoom'),(4,'BRAND(nikon) PRICE(_range(0,400)) MEGAPIXEL(_range(5,8)) ZOOM(_range(3,5)) ','nikon <400$ 5..8mp 3..5zoom'),(5,'BRAND(canon) PRICE(_range(200,400)) MEGAPIXEL(_range(5,8)) ZOOM(_range(3,5)) ','canon 200..400$ 5..8mp 3..5zoom');

UNLOCK TABLES;

SET SQL_MODE=@OLD_SQL_MODE;
SET FOREIGN_KEY_CHECKS=@OLD_FOREIGN_KEY_CHECKS;
